Column1,id,Nummer,Lid,Opsomming niveau 1,Opsomming niveau 2,Opsomming niveau 3,Zin,Versie,jci 1.3,Brontekst,Action,Object,Actor,Recipient,Opmerkingen,Action 2,Object 2,Actor 2,Recipient 2,Action 3,Object 3,Actor 3,Recipient 3,tokens,LENA SRL TAGS,Column2
23,23,Hoofdstuk1,Artikel12,Lid3,,,,21/12/2018,jci1.3:c:BWBR0001840&hoofdstuk=1&artikel=12&lid=3&z=2018-12-21&g=2018-12-21,"Aan de bewoner wordt zo spoedig mogelijk een schriftelijk verslag van het binnentreden verstrekt .  Indien het binnentreden in het belang van de nationale veiligheid of dat van de strafvordering heeft plaatsgevonden ,  kan volgens bij de wet te stellen regels de verstrekking van het verslag worden uitgesteld .  In de bij de wet te bepalen gevallen kan de verstrekking achterwege worden gelaten ,  indien het belang van de nationale veiligheid zich tegen verstrekking blijvend verzet . ",wordt verstrekt,een schriftelijk verslag van het binnentreden,,de bewoner,,,,,,,,,,"['Aan', 'de', 'bewoner', 'wordt', 'zo', 'spoedig', 'mogelijk', 'een', 'schriftelijk', 'verslag', 'van', 'het', 'binnentreden', 'verstrekt', '.']","['O', 'ACTOR', 'ACTOR', 'V','O','O','O', 'OBJ', 'OBJ', 'OBJ', 'OBJ', 'OBJ', 'OBJ', 'V', '.']",
26,26,Hoofdstuk1,Artikel14,Lid1,,,,21/12/2018,jci1.3:c:BWBR0001840&hoofdstuk=1&artikel=14&lid=1&z=2018-12-21&g=2018-12-21,"Onteigening kan alleen geschieden in het algemeen belang en tegen vooraf verzekerde schadeloosstelling ,  een en ander naar bij of krachtens de wet te stellen voorschriften . ",kan geschieden,Onteigening,,,,,,,,,,,,"['Onteigening', 'kan', 'alleen', 'geschieden', 'in', 'het', 'algemeen', 'belang', 'en', 'tegen', 'vooraf', 'verzekerde', 'schadeloosstelling', ',', 'een', 'en', 'ander', 'naar', 'bij', 'of', 'krachtens', 'de', 'wet', 'te', 'stellen', 'voorschriften', '.']","['OBJ', 'V','O', 'V','O','O','O','O','O','O','O','O','O', ',','O','O','O','O','O','O','O','O','O','O','O','O', '.']",
30,30,Hoofdstuk1,Artikel15,Lid2,,,,21/12/2018,jci1.3:c:BWBR0001840&hoofdstuk=1&artikel=15&lid=2&z=2018-12-21&g=2018-12-21,"Hij aan wie anders dan op rechterlijk bevel zijn vrijheid is ontnomen ,  kan aan de rechter zijn invrijheidstelling verzoeken .  Hij wordt in dat geval door de rechter gehoord binnen een bij de wet te bepalen termijn .  De rechter gelast de onmiddellijke invrijheidstelling ,  indien hij de vrijheidsontneming onrechtmatig oordeelt . ",kan verzoeken,zijn invrijheidstelling,Hij aan wie anders dan op rechterlijk bevel zijn vrijheid is ontnomen,de rechter,,wordt gehoord,Hij,de rechter,,gelast,de onmiddellijke invrijheidstelling,De rechter,,"[ 'De', 'rechter', 'gelast', 'de', 'onmiddellijke', 'invrijheidstelling', ',', 'indien', 'hij', 'de', 'vrijheidsontneming', 'onrechtmatig', 'oordeelt', '.']","['ACTOR', 'ACTOR', 'V', 'OBJ', 'OBJ','O', ',','O', 'ACTOR','O','O','O', 'V', '.']",
30,30,Hoofdstuk1,Artikel15,Lid2,,,,21/12/2018,jci1.3:c:BWBR0001840&hoofdstuk=1&artikel=15&lid=2&z=2018-12-21&g=2018-12-21,"Hij aan wie anders dan op rechterlijk bevel zijn vrijheid is ontnomen ,  kan aan de rechter zijn invrijheidstelling verzoeken .  Hij wordt in dat geval door de rechter gehoord binnen een bij de wet te bepalen termijn .  De rechter gelast de onmiddellijke invrijheidstelling ,  indien hij de vrijheidsontneming onrechtmatig oordeelt . ",kan verzoeken,zijn invrijheidstelling,Hij aan wie anders dan op rechterlijk bevel zijn vrijheid is ontnomen,de rechter,,wordt gehoord,Hij,de rechter,,gelast,de onmiddellijke invrijheidstelling,De rechter,,"['Hij', 'aan', 'wie', 'anders', 'dan', 'op', 'rechterlijk', 'bevel', 'zijn', 'vrijheid', 'is', 'ontnomen', ',', 'kan', 'aan', 'de', 'rechter', 'zijn', 'invrijheidstelling', 'verzoeken', '.']","['ACTOR','O','O','O','O','O','O','O','O','O', 'V', 'V', ',', 'V','O', 'REC', 'REC', 'ACTOR', 'V', 'OBJ', '.']",
30,30,Hoofdstuk1,Artikel15,Lid2,,,,21/12/2018,jci1.3:c:BWBR0001840&hoofdstuk=1&artikel=15&lid=2&z=2018-12-21&g=2018-12-21,"Hij aan wie anders dan op rechterlijk bevel zijn vrijheid is ontnomen ,  kan aan de rechter zijn invrijheidstelling verzoeken .  Hij wordt in dat geval door de rechter gehoord binnen een bij de wet te bepalen termijn .  De rechter gelast de onmiddellijke invrijheidstelling ,  indien hij de vrijheidsontneming onrechtmatig oordeelt . ",kan verzoeken,zijn invrijheidstelling,Hij aan wie anders dan op rechterlijk bevel zijn vrijheid is ontnomen,de rechter,,wordt gehoord,Hij,de rechter,,gelast,de onmiddellijke invrijheidstelling,De rechter,,"['Hij', 'wordt', 'in', 'dat', 'geval', 'door', 'de', 'rechter', 'gehoord', 'binnen', 'een', 'bij', 'de', 'wet', 'te', 'bepalen', 'termijn', '.']","['REC','O','O','O','O','O', 'ACTOR', 'ACTOR', 'V','O','O','O','O','O','O','O','O', '.']",
54,54,Hoofdstuk1,Artikel23,Lid8,,,,21/12/2018,jci1.3:c:BWBR0001840&hoofdstuk=1&artikel=23&lid=8&z=2018-12-21&g=2018-12-21,De regering doet jaarlijks van de staat van het onderwijs verslag aan de Staten - Generaal . ,doet verslag van,de staat van het onderwijs,De regering,de Staten-Generaal,,,,,,,,,,"['De', 'regering', 'doet', 'jaarlijks', 'van', 'de', 'staat', 'van', 'het', 'onderwijs', 'verslag', 'aan', 'de', 'Staten', '-', 'Generaal', '.']","['ACTOR', 'ACTOR', 'V','O','O','O','O','O', 'ACTOR','O', 'V','O', 'REC', 'REC', '-', 'REC', '.']",
63,63,Hoofdstuk2,Paragraaf1,Artikel29,Lid2,,,21/12/2018,jci1.3:c:BWBR0001840&hoofdstuk=2&paragraaf=1&artikel=29&lid=2&z=2018-12-21&g=2018-12-21,Het voorstel daartoe wordt door of vanwege de Koning ingediend .  De Staten - Generaal beraadslagen en besluiten ter zake in verenigde vergadering .  Zij kunnen het voorstel alleen aannemen met ten minste twee derden van het aantal uitgebrachte stemmen . ,wordt ingediend,Het voorstel,de Koning,,,kunnen aannemen,Zij,het voorstel,,,,,,"['Het', 'voorstel', 'daartoe', 'wordt', 'door', 'of', 'vanwege', 'de', 'Koning', 'ingediend']","['O','O','O', 'V','O','O','O', 'ACTOR', 'ACTOR', 'V', '.']",
63,63,Hoofdstuk2,Paragraaf1,Artikel29,Lid2,,,21/12/2018,jci1.3:c:BWBR0001840&hoofdstuk=2&paragraaf=1&artikel=29&lid=2&z=2018-12-21&g=2018-12-21,Het voorstel daartoe wordt door of vanwege de Koning ingediend .  De Staten - Generaal beraadslagen en besluiten ter zake in verenigde vergadering .  Zij kunnen het voorstel alleen aannemen met ten minste twee derden van het aantal uitgebrachte stemmen . ,wordt ingediend,Het voorstel,de Koning,,,kunnen aannemen,Zij,het voorstel,,,,,,"['Zij', 'kunnen', 'het', 'voorstel', 'alleen', 'aannemen', 'met', 'ten', 'minste', 'twee', 'derden', 'van', 'het', 'aantal', 'uitgebrachte', 'stemmen', '.']","['ACTOR', 'V','O', 'OBJ','O', 'V','O','O','O','O','O','O','O','O','O','O', '.']",
64,64,Hoofdstuk2,Paragraaf1,Artikel30,Lid1,,,21/12/2018,jci1.3:c:BWBR0001840&hoofdstuk=2&paragraaf=1&artikel=30&lid=1&z=2018-12-21&g=2018-12-21,"Wanneer vooruitzicht bestaat dat een opvolger zal ontbreken ,  kan deze worden benoemd bij een wet .  Het voorstel wordt door of vanwege de Koning ingediend .  Na de indiening van het voorstel worden de kamers ontbonden .  De nieuwe kamers beraadslagen en besluiten ter zake in verenigde vergadering .  Zij kunnen het voorstel alleen aannemen met ten minste twee derden van het aantal uitgebrachte stemmen . ",wordt ingediend,Het voorstel,de Koning,,,worden ontbonden,de kamers,,,kunnen aannemen,Zij,het voorstel,,"['Het', 'voorstel', 'wordt', 'door', 'of', 'vanwege', 'de', 'Koning', 'ingediend', '.']","['OBJ', 'OBJ', 'V','O','O','O', 'ACTOR', 'ACTOR', 'V', '.']",
64,64,Hoofdstuk2,Paragraaf1,Artikel30,Lid1,,,21/12/2018,jci1.3:c:BWBR0001840&hoofdstuk=2&paragraaf=1&artikel=30&lid=1&z=2018-12-21&g=2018-12-21,"Wanneer vooruitzicht bestaat dat een opvolger zal ontbreken ,  kan deze worden benoemd bij een wet .  Het voorstel wordt door of vanwege de Koning ingediend .  Na de indiening van het voorstel worden de kamers ontbonden .  De nieuwe kamers beraadslagen en besluiten ter zake in verenigde vergadering .  Zij kunnen het voorstel alleen aannemen met ten minste twee derden van het aantal uitgebrachte stemmen . ",wordt ingediend,Het voorstel,de Koning,,,worden ontbonden,de kamers,,,kunnen aannemen,Zij,het voorstel,,"['Na', 'de', 'indiening', 'van', 'het', 'voorstel', 'worden', 'de', 'kamers', 'ontbonden', '.']","['O','O','O','O','O','O','O', 'V', 'OBJ', 'OBJ', 'V', '.']",
64,64,Hoofdstuk2,Paragraaf1,Artikel30,Lid1,,,21/12/2018,jci1.3:c:BWBR0001840&hoofdstuk=2&paragraaf=1&artikel=30&lid=1&z=2018-12-21&g=2018-12-21,"Wanneer vooruitzicht bestaat dat een opvolger zal ontbreken ,  kan deze worden benoemd bij een wet .  Het voorstel wordt door of vanwege de Koning ingediend .  Na de indiening van het voorstel worden de kamers ontbonden .  De nieuwe kamers beraadslagen en besluiten ter zake in verenigde vergadering .  Zij kunnen het voorstel alleen aannemen met ten minste twee derden van het aantal uitgebrachte stemmen . ",wordt ingediend,Het voorstel,de Koning,,,worden ontbonden,de kamers,,,kunnen aannemen,Zij,het voorstel,,"['Zij', 'kunnen', 'het', 'voorstel', 'alleen', 'aannemen', 'met', 'ten', 'minste', 'twee', 'derden', 'van', 'het', 'aantal', 'uitgebrachte', 'stemmen', '.']","['ACTOR', 'V','O', 'OBJ','O', 'V','O','O','O','O','O','O','O','O','O','O', '.']",
65,65,Hoofdstuk2,Paragraaf1,Artikel30,Lid2,,,21/12/2018,jci1.3:c:BWBR0001840&hoofdstuk=2&paragraaf=1&artikel=30&lid=2&z=2018-12-21&g=2018-12-21,"Indien bij overlijden van de Koning of bij afstand van het koningschap een opvolger ontbreekt ,  worden de kamers ontbonden .  De nieuwe kamers komen binnen vier maanden na het overlijden of de afstand in verenigde vergadering bijeen ten einde te besluiten omtrent de benoeming van een Koning .  Zij kunnen een opvolger alleen benoemen met ten minste twee derden van het aantal uitgebrachte stemmen . ",worden ontbonden,de kamers,,,,,,,,,,,,"['Indien', 'bij', 'overlijden', 'van', 'de', 'Koning', 'of', 'bij', 'afstand', 'van', 'het', 'koningschap', 'een', 'opvolger', 'ontbreekt', ',', 'worden', 'de', 'kamers', 'ontbonden', '.']","['O','O','O','O', 'ACTOR', 'ACTOR','O','O','O','O','O','O','O','O','O', ',', 'V','O','O', 'V', '.']",
88,88,Hoofdstuk2,Paragraaf1,Artikel40,Lid1,,,21/12/2018,jci1.3:c:BWBR0001840&hoofdstuk=2&paragraaf=1&artikel=40&lid=1&z=2018-12-21&g=2018-12-21,De Koning ontvangt jaarlijks ten laste van het Rijk uitkeringen naar regels bij de wet te stellen .  Deze wet bepaalt aan welke andere leden van het koninklijk huis uitkeringen ten laste van het Rijk worden toegekend en regelt deze uitkeringen . ,ontvangt,uitkeringen,De Koning,het Rijk,,,,,,,,,,"['De', 'Koning', 'ontvangt', 'jaarlijks', 'ten', 'laste', 'van', 'het', 'Rijk', 'uitkeringen', 'naar', 'regels', 'bij', 'de', 'wet', 'te', 'stellen', '.']","['ACTOR', 'ACTOR', 'V','O','O','O','O','O','O', 'OBJ','O','O','O','O','O','O','O', '.']",
91,91,Hoofdstuk2,Paragraaf1,Artikel41,,,,21/12/2018,jci1.3:c:BWBR0001840&hoofdstuk=2&paragraaf=1&artikel=41&z=2018-12-21&g=2018-12-21,"De Koning richt ,  met inachtneming van het openbaar belang ,  zijn Huis in . ",richt in,zijn Huis,De Koning,,,,,,,,,,,"['De', 'Koning', 'richt', ',', 'met', 'inachtneming', 'van', 'het', 'openbaar', 'belang', ',', 'zijn', 'Huis', 'in', '.']","['ACTOR', 'ACTOR', 'V', ',','O','O','O','O','O','O', ',','O','O','O', '.']",
102,102,Hoofdstuk2,Paragraaf2,Artikel47,,,,21/12/2018,jci1.3:c:BWBR0001840&hoofdstuk=2&paragraaf=2&artikel=47&z=2018-12-21&g=2018-12-21,Alle wetten en koninklijke besluiten worden door de Koning en door een of meer ministers of staatssecretarissen ondertekend . ,worden ondertekend,Alle wetten en koninklijke besluiten,de Koning $ een of meer ministers of staatssecretarissen,,,,,,,,,,,"['Alle', 'wetten', 'en', 'koninklijke', 'besluiten', 'worden', 'door', 'de', 'Koning', 'en', 'door', 'een', 'of', 'meer', 'ministers', 'of', 'staatssecretarissen', 'ondertekend', '.']","['OBJ', 'OBJ', 'OBJ', 'OBJ', 'OBJ', 'V','O', 'ACTOR', 'ACTOR','O','O','O','O','O', 'ACTOR', 'ACTOR', 'ACTOR', 'V', '.']",
103,103,Hoofdstuk2,Paragraaf2,Artikel48,,,,21/12/2018,jci1.3:c:BWBR0001840&hoofdstuk=2&paragraaf=2&artikel=48&z=2018-12-21&g=2018-12-21,"Het koninklijk besluit waarbij de minister - president wordt benoemd ,  wordt mede door hem ondertekend .  De koninklijke besluiten waarbij de overige ministers en de staatssecretarissen worden benoemd of ontslagen ,  worden mede door de minister - president ondertekend . ",wordt mede ondertekend,Het koninklijk besluit waarbij de minister-president wordt benoemd,hem,De koninklijke besluiten waarbij de overige ministers en de staatssecretarissen worden benoemd of ontslagen,,worden mede ondertekend,de minister-president,,,,,,,"['Het', 'koninklijk', 'besluit', 'waarbij', 'de', 'minister', '-', 'president', 'wordt', 'benoemd', ',', 'wordt', 'mede', 'door', 'hem', 'ondertekend', '.']","['OBJ', 'OBJ', 'OBJ','O', 'ACTOR', 'ACTOR', '-', 'ACTOR', 'V', 'V', ',', 'V','O','O','O', 'V', '.']",
103,103,Hoofdstuk2,Paragraaf2,Artikel48,,,,21/12/2018,jci1.3:c:BWBR0001840&hoofdstuk=2&paragraaf=2&artikel=48&z=2018-12-21&g=2018-12-21,"Het koninklijk besluit waarbij de minister - president wordt benoemd ,  wordt mede door hem ondertekend .  De koninklijke besluiten waarbij de overige ministers en de staatssecretarissen worden benoemd of ontslagen ,  worden mede door de minister - president ondertekend . ",wordt mede ondertekend,Het koninklijk besluit waarbij de minister-president wordt benoemd,hem,De koninklijke besluiten waarbij de overige ministers en de staatssecretarissen worden benoemd of ontslagen,,worden mede ondertekend,de minister-president,,,,,,,"['De', 'koninklijke', 'besluiten', 'waarbij', 'de', 'overige', 'ministers', 'en', 'de', 'staatssecretarissen', 'worden', 'benoemd', 'of', 'ontslagen', ',', 'worden', 'mede', 'door', 'de', 'minister', '-', 'president', 'ondertekend', '.']","['OBJ', 'OBJ', 'OBJ','O','O','O', 'REC', 'REC', 'REC', 'REC','O','O','O','O', ',', 'V','O','O', 'ACTOR', 'ACTOR', '-', 'ACTOR', 'V', '.']",
126,126,Hoofdstuk3,Paragraaf1,Artikel61,Lid1,,,21/12/2018,jci1.3:c:BWBR0001840&hoofdstuk=3&paragraaf=1&artikel=61&lid=1&z=2018-12-21&g=2018-12-21,Elk der kamers benoemt uit de leden een voorzitter . ,benoemt,een voorzitter,Elk der kamers,,,,,,,,,,,"['Elk', 'der', 'kamers', 'benoemt', 'uit', 'de', 'leden', 'een', 'voorzitter', '.']","['ACTOR', 'ACTOR', 'ACTOR', 'V','O','O','O','O', 'OBJ', '.']",
127,127,Hoofdstuk3,Paragraaf1,Artikel61,Lid2,,,21/12/2018,jci1.3:c:BWBR0001840&hoofdstuk=3&paragraaf=1&artikel=61&lid=2&z=2018-12-21&g=2018-12-21,Elk der kamers benoemt een griffier .  Deze en de overige ambtenaren van de kamers kunnen niet tevens lid van de Staten - Generaal zijn . ,benoemt,een griffier,Elk der kamers,,,,,,,,,,,"['Elk', 'der', 'kamers', 'benoemt', 'een', 'griffier', '.']","['ACTOR', 'ACTOR', 'ACTOR', 'V','O', 'OBJ', '.']",
130,130,Hoofdstuk3,Paragraaf1,Artikel64,Lid1,,,21/12/2018,jci1.3:c:BWBR0001840&hoofdstuk=3&paragraaf=1&artikel=64&lid=1&z=2018-12-21&g=2018-12-21,Elk der kamers kan bij koninklijk besluit worden ontbonden . ,kan worden ontbonden,Elk der kamers,,,,,,,,,,,,"['Elk', 'der', 'kamers', 'kan', 'bij', 'koninklijk', 'besluit', 'worden', 'ontbonden', '.']","['ACTOR', 'ACTOR', 'ACTOR', 'V','O','O','O', 'V', 'V', '.']",
134,134,Hoofdstuk3,Paragraaf2,Artikel65,,,,21/12/2018,jci1.3:c:BWBR0001840&hoofdstuk=3&paragraaf=2&artikel=65&z=2018-12-21&g=2018-12-21,Jaarlijks op de derde dinsdag van september of op een bij de wet te bepalen eerder tijdstip wordt door of namens de Koning in een verenigde vergadering van de Staten - Generaal een uiteenzetting van het door de regering te voeren beleid gegeven . ,wordt gegeven,een uiteenzetting van het door de regering te voeren beleid,de Koning,,,,,,,,,,,"['Jaarlijks', 'op', 'de', 'derde', 'dinsdag', 'van', 'september', 'of', 'op', 'een', 'bij', 'de', 'wet', 'te', 'bepalen', 'eerder', 'tijdstip', 'wordt', 'door', 'of', 'namens', 'de', 'Koning', 'in', 'een', 'verenigde', 'vergadering', 'van', 'de', 'Staten', '-', 'Generaal', 'een', 'uiteenzetting', 'van', 'het', 'door', 'de', 'regering', 'te', 'voeren', 'beleid', 'gegeven', '.']","['O','O','O','O', 'OBJ','O','O', 'V','O','O', 'OBJ','O', 'V','O', 'OBJ','O','O', 'V','O','O','O', 'ACTOR', 'ACTOR','O','O','O','O','O','O','O', '-','O', 'OBJ', 'OBJ', 'OBJ', 'OBJ', 'OBJ', 'OBJ', 'OBJ', 'OBJ', 'OBJ', 'OBJ', 'V', '.']",
136,136,Hoofdstuk3,Paragraaf2,Artikel66,Lid2,,,21/12/2018,jci1.3:c:BWBR0001840&hoofdstuk=3&paragraaf=2&artikel=66&lid=2&z=2018-12-21&g=2018-12-21,"De deuren worden gesloten ,  wanneer een tiende deel van het aantal aanwezige leden het vordert of de voorzitter het nodig oordeelt . ",worden gesloten,De deuren,,,,,,,,,,,,"['De', 'deuren', 'worden', 'gesloten', ',', 'wanneer', 'een', 'tiende', 'deel', 'van', 'het', 'aantal', 'aanwezige', 'leden', 'het', 'vordert', 'of', 'de', 'voorzitter', 'het', 'nodig', 'oordeelt', '.']","['OBJ', 'OBJ', 'V', 'V', ',','O','O','O','O','O','O','O','O','O','O','O','O','O','O','O','O','O', '.']",
142,142,Hoofdstuk3,Paragraaf2,Artikel68,,,,21/12/2018,jci1.3:c:BWBR0001840&hoofdstuk=3&paragraaf=2&artikel=68&z=2018-12-21&g=2018-12-21,De ministers en de staatssecretarissen geven de kamers elk afzonderlijk en in verenigde vergadering mondeling of schriftelijk de door een of meer leden verlangde inlichtingen waarvan het verstrekken niet in strijd is met het belang van de staat . ,geven,inlichtingen,De ministers $ de staatssecretarissen,de kamers,,,,,,,,,,"['De', 'ministers', 'en', 'de', 'staatssecretarissen', 'geven', 'de', 'kamers', 'elk', 'afzonderlijk', 'en', 'in', 'verenigde', 'vergadering', 'mondeling', 'of', 'schriftelijk', 'de', 'door', 'een', 'of', 'meer', 'leden', 'verlangde', 'inlichtingen', 'waarvan', 'het', 'verstrekken', 'niet', 'in', 'strijd', 'is', 'met', 'het', 'belang', 'van', 'de', 'staat', '.']","['ACTOR', 'ACTOR','O', 'ACTOR', 'ACTOR', 'V', 'REC', 'REC','O','O','O','O','O','O','O','O','O','O','O','O','O','O','O','O','O','O','O','O','O','O','O','O','O','O','O','O','O','O', '.']",
153,153,Hoofdstuk4,Artikel74,Lid2,,,,21/12/2018,jci1.3:c:BWBR0001840&hoofdstuk=4&artikel=74&lid=2&z=2018-12-21&g=2018-12-21,De leden van de Raad worden bij koninklijk besluit voor het leven benoemd . ,worden benoemd,De leden van de Raad,,,,,,,,,,,,"['De', 'leden', 'van', 'de', 'Raad', 'worden', 'bij', 'koninklijk', 'besluit', 'voor', 'het', 'leven', 'benoemd', '.']","['REC', 'REC','O','O','O', 'V','O','O','O','O','O','O', 'V', '.']",
154,154,Hoofdstuk4,Artikel74,Lid3,,,,21/12/2018,jci1.3:c:BWBR0001840&hoofdstuk=4&artikel=74&lid=3&z=2018-12-21&g=2018-12-21,Op eigen verzoek en wegens het bereiken van een bij de wet te bepalen leeftijd worden zij ontslagen . ,worden ontslagen,zij,,,,,,,,,,,,"['Op', 'eigen', 'verzoek', 'en', 'wegens', 'het', 'bereiken', 'van', 'een', 'bij', 'de', 'wet', 'te', 'bepalen', 'leeftijd', 'worden', 'zij', 'ontslagen', '.']","['O','O','O','O','O','O','O','O','O','O','O','O','O','O','O', 'V', 'OBJ', 'V', '.']",
155,155,Hoofdstuk4,Artikel74,Lid4,,,,21/12/2018,jci1.3:c:BWBR0001840&hoofdstuk=4&artikel=74&lid=4&z=2018-12-21&g=2018-12-21,In de gevallen bij de wet aangewezen kunnen zij door de Raad worden geschorst of ontslagen . ,kunnen worden geschorst $ kunnen worden ontslagen,zij,de Raad,,,,,,,,,,,"['In', 'de', 'gevallen', 'bij', 'de', 'wet', 'aangewezen', 'kunnen', 'zij', 'door', 'de', 'Raad', 'worden', 'geschorst', 'of', 'ontslagen', '.']","['O','O','O','O','O','O','O', 'V', 'REC','O', 'ACTOR', 'ACTOR', 'V', 'V','O', 'V', '.']",
160,160,Hoofdstuk4,Artikel77,Lid1,,,,21/12/2018,jci1.3:c:BWBR0001840&hoofdstuk=4&artikel=77&lid=1&z=2018-12-21&g=2018-12-21,"De leden van de Algemene Rekenkamer worden bij koninklijk besluit voor het leven benoemd uit een voordracht van drie personen ,  opgemaakt door de Tweede Kamer der Staten - Generaal . ",worden benoemd,De leden van de Algemene Rekenkamer,,,,,,,,,,,,"['De', 'leden', 'van', 'de', 'Algemene', 'Rekenkamer', 'worden', 'bij', 'koninklijk', 'besluit', 'voor', 'het', 'leven', 'benoemd', 'uit', 'een', 'voordracht', 'van', 'drie', 'personen', ',', 'opgemaakt', 'door', 'de', 'Tweede', 'Kamer', 'der', 'Staten', '-', 'Generaal', '.']","['REC', 'REC', 'REC', 'REC', 'REC', 'REC', 'V','O', 'ACTOR', 'ACTOR','O','O','O', 'V','O','O','O','O','O','O', ',','O','O','O','O','O','O','O', '-','O', '.']",
161,161,Hoofdstuk4,Artikel77,Lid2,,,,21/12/2018,jci1.3:c:BWBR0001840&hoofdstuk=4&artikel=77&lid=2&z=2018-12-21&g=2018-12-21,Op eigen verzoek en wegens het bereiken van een bij de wet te bepalen leeftijd worden zij ontslagen . ,worden ontslagen,zij,,,,,,,,,,,,"['Op', 'eigen', 'verzoek', 'en', 'wegens', 'het', 'bereiken', 'van', 'een', 'bij', 'de', 'wet', 'te', 'bepalen', 'leeftijd', 'worden', 'zij', 'ontslagen', '.']","['O','O','O','O','O','O','O','O','O','O','O','O','O', 'V', 'OBJ', 'V', 'OBJ', 'V', '.']",
162,162,Hoofdstuk4,Artikel77,Lid3,,,,21/12/2018,jci1.3:c:BWBR0001840&hoofdstuk=4&artikel=77&lid=3&z=2018-12-21&g=2018-12-21,In de gevallen bij de wet aangewezen kunnen zij door de Hoge Raad worden geschorst of ontslagen . ,kunnen worden geschorst $ kunnen worden ontslagen,zij,de Hoge Raad,,,,,,,,,,,"['In', 'de', 'gevallen', 'bij', 'de', 'wet', 'aangewezen', 'kunnen', 'zij', 'door', 'de', 'Hoge', 'Raad', 'worden', 'geschorst', 'of', 'ontslagen', '.']","['O','O','O','O','O','O','O','O', 'OBJ','O', 'ACTOR', 'ACTOR', 'ACTOR', 'V', 'V','O', 'V', '.']",
167,167,Hoofdstuk4,Artikel78a,Lid2,,,,21/12/2018,jci1.3:c:BWBR0001840&hoofdstuk=4&artikel=78a&lid=2&z=2018-12-21&g=2018-12-21,De Nationale ombudsman en een substituut - ombudsman worden voor een bij de wet te bepalen termijn benoemd door de Tweede Kamer der Staten - Generaal .  Op eigen verzoek en wegens het bereiken van een bij de wet te bepalen leeftijd worden zij ontslagen .  In de gevallen bij de wet aangewezen kunnen zij door de Tweede Kamer der Staten - Generaal worden geschorst of ontslagen .  De wet regelt overigens hun rechtspositie . ,worden benoemd,De Nationale ombudsman $ een substituut-ombudsman,de Tweede Kamer der Staten-Generaal,,,worden ontslagen,zij,,,kunnen worden geschorst $ kunnen worden ontslagen,zij,de Tweede Kamer,,"['De', 'Nationale', 'ombudsman', 'en', 'een', 'substituut', '-', 'ombudsman', 'worden', 'voor', 'een', 'bij', 'de', 'wet', 'te', 'bepalen', 'termijn', 'benoemd', 'door', 'de', 'Tweede', 'Kamer', 'der', 'Staten', '-', 'Generaal', '.']","['O','O','O','O', 'OBJ', 'OBJ', '-', 'OBJ', 'V','O','O','O','O','O','O','O','O', 'V','O', 'ACTOR', 'ACTOR', 'ACTOR', 'ACTOR', 'ACTOR', '-', 'ACTOR', '.']",
167,167,Hoofdstuk4,Artikel78a,Lid2,,,,21/12/2018,jci1.3:c:BWBR0001840&hoofdstuk=4&artikel=78a&lid=2&z=2018-12-21&g=2018-12-21,De Nationale ombudsman en een substituut - ombudsman worden voor een bij de wet te bepalen termijn benoemd door de Tweede Kamer der Staten - Generaal .  Op eigen verzoek en wegens het bereiken van een bij de wet te bepalen leeftijd worden zij ontslagen .  In de gevallen bij de wet aangewezen kunnen zij door de Tweede Kamer der Staten - Generaal worden geschorst of ontslagen .  De wet regelt overigens hun rechtspositie . ,worden benoemd,De Nationale ombudsman $ een substituut-ombudsman,de Tweede Kamer der Staten-Generaal,,,worden ontslagen,zij,,,kunnen worden geschorst $ kunnen worden ontslagen,zij,de Tweede Kamer,,"['Op', 'eigen', 'verzoek', 'en', 'wegens', 'het', 'bereiken', 'van', 'een', 'bij', 'de', 'wet', 'te', 'bepalen', 'leeftijd', 'worden', 'zij', 'ontslagen', '.']","['O','O','O','O','O','O','O','O','O','O','O','O','O','O','O', 'V', 'OBJ', 'V', '.']",
167,167,Hoofdstuk4,Artikel78a,Lid2,,,,21/12/2018,jci1.3:c:BWBR0001840&hoofdstuk=4&artikel=78a&lid=2&z=2018-12-21&g=2018-12-21,De Nationale ombudsman en een substituut - ombudsman worden voor een bij de wet te bepalen termijn benoemd door de Tweede Kamer der Staten - Generaal .  Op eigen verzoek en wegens het bereiken van een bij de wet te bepalen leeftijd worden zij ontslagen .  In de gevallen bij de wet aangewezen kunnen zij door de Tweede Kamer der Staten - Generaal worden geschorst of ontslagen .  De wet regelt overigens hun rechtspositie . ,worden benoemd,De Nationale ombudsman $ een substituut-ombudsman,de Tweede Kamer der Staten-Generaal,,,worden ontslagen,zij,,,kunnen worden geschorst $ kunnen worden ontslagen,zij,de Tweede Kamer,,"['In', 'de', 'gevallen', 'bij', 'de', 'wet', 'aangewezen', 'kunnen', 'zij', 'door', 'de', 'Tweede', 'Kamer', 'der', 'Staten', '-', 'Generaal', 'worden', 'geschorst', 'of', 'ontslagen', '.']","['O','O','O','O','O','O','O','O','O','O', 'ACTOR', 'ACTOR', 'ACTOR', 'ACTOR', 'ACTOR', '-', 'ACTOR', 'V', 'V','O', 'V', '.']",
173,173,Hoofdstuk4,Artikel80,Lid1,,,,21/12/2018,jci1.3:c:BWBR0001840&hoofdstuk=4&artikel=80&lid=1&z=2018-12-21&g=2018-12-21,De adviezen van de in dit hoofdstuk bedoelde colleges worden openbaar gemaakt volgens regels bij de wet te stellen . ,worden openbaar gemaakt,De adviezen,,,,,,,,,,,,"['De', 'adviezen', 'van', 'de', 'in', 'dit', 'hoofdstuk', 'bedoelde', 'colleges', 'worden', 'openbaar', 'gemaakt', 'volgens', 'regels', 'bij', 'de', 'wet', 'te', 'stellen', '.']","['O','O','O','O','O','O','O','O', 'OBJ', 'V', 'V', 'V','O','O','O','O','O','O','O', '.']",
174,174,Hoofdstuk4,Artikel80,Lid2,,,,21/12/2018,jci1.3:c:BWBR0001840&hoofdstuk=4&artikel=80&lid=2&z=2018-12-21&g=2018-12-21,"Adviezen ,  uitgebracht ter zake van voorstellen van wet die door of vanwege de Koning worden ingediend ,  worden ,  behoudens bij de wet te bepalen uitzonderingen ,  aan de Staten - Generaal overgelegd . ",worden overgelegd,Adviezen,,de Staten-Generaal,,,,,,,,,,"['Adviezen', ',', 'uitgebracht', 'ter', 'zake', 'van', 'voorstellen', 'van', 'wet', 'die', 'door', 'of', 'vanwege', 'de', 'Koning', 'worden', 'ingediend', ',', 'worden', ',', 'behoudens', 'bij', 'de', 'wet', 'te', 'bepalen', 'uitzonderingen', ',', 'aan', 'de', 'Staten', '-', 'Generaal', 'overgelegd', '.']","['OBJ', ',','O','O','O','O','O','O','O','O','O','O','O','O','O','O','O', ',', 'V', ',','O','O','O','O','O','O','O', ',','O', 'REC', 'REC', '-', 'REC', 'V', '.']",
176,176,Hoofdstuk5,Paragraaf1,Artikel82,Lid1,,,21/12/2018,jci1.3:c:BWBR0001840&hoofdstuk=5&paragraaf=1&artikel=82&lid=1&z=2018-12-21&g=2018-12-21,Voorstellen van wet kunnen worden ingediend door of vanwege de Koning en door de Tweede Kamer der Staten - Generaal . , kunnen worden ingediend,Voorstellen van wet,de Koning $ de Tweede Kamer der Staten-Generaal,,,,,,,,,,,"['Voorstellen', 'van', 'wet', 'kunnen', 'worden', 'ingediend', 'door', 'of', 'vanwege', 'de', 'Koning', 'en', 'door', 'de', 'Tweede', 'Kamer', 'der', 'Staten', '-', 'Generaal', '.']","['OBJ', 'OBJ', 'OBJ', 'V', 'V', 'V','O','O','O', 'ACTOR', 'ACTOR','O','O', 'ACTOR', 'ACTOR', 'ACTOR', 'ACTOR', 'ACTOR', '-', 'ACTOR', '.']",
177,177,Hoofdstuk5,Paragraaf1,Artikel82,Lid2,,,21/12/2018,jci1.3:c:BWBR0001840&hoofdstuk=5&paragraaf=1&artikel=82&lid=2&z=2018-12-21&g=2018-12-21,"Voorstellen van wet waarvoor behandeling door de Staten - Generaal in verenigde vergadering is voorgeschreven ,  kunnen worden ingediend door of vanwege de Koning en ,  voor zover de betreffende artikelen van  dit toelaten ,  door de verenigde vergadering . hoofdstuk 2", kunnen worden ingediend,Voorstellen van wet,de Koning $ de verenigde vergadering,,,,,,,,,,,"['Voorstellen', 'van', 'wet', 'waarvoor', 'behandeling', 'door', 'de', 'Staten', '-', 'Generaal', 'in', 'verenigde', 'vergadering', 'is', 'voorgeschreven', ',', 'kunnen', 'worden', 'ingediend', 'door', 'of', 'vanwege', 'de', 'Koning', 'en', ',', 'voor', 'zover', 'de', 'betreffende', 'artikelen', 'van', 'dit', 'toelaten', ',', 'door', 'de', 'verenigde', 'vergadering', '.']","['OBJ', 'OBJ', 'OBJ','O','O','O','O','O', '-','O','O','O','O','O', 'V', ',', 'V', 'V', 'V','O','O','O', 'ACTOR','O','O', ',','O','O','O','O','O','O','O','O', ',','O', 'ACTOR', 'ACTOR', 'ACTOR', '.']",
178,178,Hoofdstuk5,Paragraaf1,Artikel82,Lid3,,,21/12/2018,jci1.3:c:BWBR0001840&hoofdstuk=5&paragraaf=1&artikel=82&lid=3&z=2018-12-21&g=2018-12-21,"Voorstellen van wet ,  in te dienen door de Tweede Kamer onderscheidenlijk de verenigde vergadering ,  worden bij haar door een of meer leden aanhangig gemaakt . ",worden aanhangig gemaakt,Voorstellen van wet,een of meer leden,,,,,,,,,,,"['Voorstellen', 'van', 'wet', ',', 'in', 'te', 'dienen', 'door', 'de', 'Tweede', 'Kamer', 'onderscheidenlijk', 'de', 'verenigde', 'vergadering', ',', 'worden', 'bij', 'haar', 'door', 'een', 'of', 'meer', 'leden', 'aanhangig', 'gemaakt', '.']","['OBJ', 'OBJ', 'OBJ', ',','O','O','O','O','O','O','O','O','O','O','O', ',', 'V','O','O','O','O','O', 'ACTOR', 'ACTOR', 'V', 'V', '.']",
179,179,Hoofdstuk5,Paragraaf1,Artikel83,,,,21/12/2018,jci1.3:c:BWBR0001840&hoofdstuk=5&paragraaf=1&artikel=83&z=2018-12-21&g=2018-12-21,"Voorstellen van wet ,  ingediend door of vanwege de Koning ,  worden gezonden aan de Tweede Kamer of ,  indien daarvoor behandeling door de Staten - Generaal in verenigde vergadering is voorgeschreven ,  aan deze vergadering . ",worden gezonden,Voorstellen van wet,,Tweede Kamer $ deze vergadering,,,,,,,,,,"['Voorstellen', 'van', 'wet', ',', 'ingediend', 'door', 'of', 'vanwege', 'de', 'Koning', ',', 'worden', 'gezonden', 'aan', 'de', 'Tweede', 'Kamer', 'of', ',', 'indien', 'daarvoor', 'behandeling', 'door', 'de', 'Staten', '-', 'Generaal', 'in', 'verenigde', 'vergadering', 'is', 'voorgeschreven', ',', 'aan', 'deze', 'vergadering', '.']","['OBJ', 'OBJ', 'OBJ', ',','O','O','O','O','O','O', ',', 'V', 'V','O', 'REC', 'REC', 'REC','O', ',','O','O','O','O','O','O', '-','O','O','O','O','O','O', ',','O','O','O', '.']",
183,183,Hoofdstuk5,Paragraaf1,Artikel86,Lid1,,,21/12/2018,jci1.3:c:BWBR0001840&hoofdstuk=5&paragraaf=1&artikel=86&lid=1&z=2018-12-21&g=2018-12-21,"Zolang een voorstel van wet niet door de Staten - Generaal is aangenomen ,  kan het door of vanwege de indiener worden ingetrokken . ",kan worden ingetrokken,een voorstel van wet,de indiener,,,,,,,,,,,"['Zolang', 'een', 'voorstel', 'van', 'wet', 'niet', 'door', 'de', 'Staten', '-', 'Generaal', 'is', 'aangenomen', ',', 'kan', 'het', 'door', 'of', 'vanwege', 'de', 'indiener', 'worden', 'ingetrokken', '.']","['O','O','O','O','O','O','O','O','O', '-','O', 'V', 'V', ',', 'V','O','O','O','O', 'ACTOR', 'ACTOR', 'V', 'V', '.']",
184,184,Hoofdstuk5,Paragraaf1,Artikel86,Lid2,,,21/12/2018,jci1.3:c:BWBR0001840&hoofdstuk=5&paragraaf=1&artikel=86&lid=2&z=2018-12-21&g=2018-12-21,"Zolang de Tweede Kamer onderscheidenlijk de verenigde vergadering een door haar in te dienen voorstel van wet niet heeft aangenomen ,  kan het door het lid of de leden door wie het aanhangig is gemaakt ,  worden ingetrokken . ",kan worden ingetrokken,een door haar in te dienen voorstel van wet,het lid of de leden door wie het aanhangig is gemaakt,,,,,,,,,,,"['Zolang', 'de', 'Tweede', 'Kamer', 'onderscheidenlijk', 'de', 'verenigde', 'vergadering', 'een', 'door', 'haar', 'in', 'te', 'dienen', 'voorstel', 'van', 'wet', 'niet', 'heeft', 'aangenomen', ',', 'kan', 'het', 'door', 'het', 'lid', 'of', 'de', 'leden', 'door', 'wie', 'het', 'aanhangig', 'is', 'gemaakt', ',', 'worden', 'ingetrokken', '.']","['O','O','O','O','O','O','O','O','O','O','O','O','O','O','O','O','O','O','O','O', ',','O','O','O', 'ACTOR', 'ACTOR', 'ACTOR', 'ACTOR', 'ACTOR', 'ACTOR', 'ACTOR', 'ACTOR', 'ACTOR', 'ACTOR', 'ACTOR', ',', 'V', 'V', '.']",
200,200,Hoofdstuk5,Paragraaf2,Artikel96,Lid1,,,21/12/2018,jci1.3:c:BWBR0001840&hoofdstuk=5&paragraaf=2&artikel=96&lid=1&z=2018-12-21&g=2018-12-21,Het Koninkrijk wordt niet in oorlog verklaard dan na voorafgaande toestemming van de Staten - Generaal . ,wordt niet in oorlog verklaard,Het Koninkrijk,,,,,,,,,,,,"['Het', 'Koninkrijk', 'wordt', 'niet', 'in', 'oorlog', 'verklaard', 'dan', 'na', 'voorafgaande', 'toestemming', 'van', 'de', 'Staten', '-', 'Generaal', '.']","['OBJ', 'OBJ', 'V', 'V','O','O', 'V','O','O','O','O','O', 'ACTOR', 'ACTOR', '-', 'ACTOR', '.']",
210,210,Hoofdstuk5,Paragraaf2,Artikel100,Lid1,,,21/12/2018,jci1.3:c:BWBR0001840&hoofdstuk=5&paragraaf=2&artikel=100&lid=1&z=2018-12-21&g=2018-12-21,De regering verstrekt de Staten - Generaal vooraf inlichtingen over de inzet of het ter beschikking stellen van de krijgsmacht ter handhaving of bevordering van de internationale rechtsorde .  Daaronder is begrepen het vooraf verstrekken van inlichtingen over de inzet of het ter beschikking stellen van de krijgsmacht voor humanitaire hulpverlening in geval van gewapend conflict . ,verstrekt,inlichtingen over de inzet of het ter beschikking stellen van de krijgsmacht,De regering,de Staten-Generaal,,,,,,,,,,"['De', 'regering', 'verstrekt', 'de', 'Staten', '-', 'Generaal', 'vooraf', 'inlichtingen', 'over', 'de', 'inzet', 'of', 'het', 'ter', 'beschikking', 'stellen', 'van', 'de', 'krijgsmacht', 'ter', 'handhaving', 'of', 'bevordering', 'van', 'de', 'internationale', 'rechtsorde', '.']","['ACTOR', 'ACTOR', 'V', 'REC', 'REC', '-', 'REC','O','O','O','O','O','O','O','O','O','O','O', 'OBJ', 'OBJ','O','O','O','O','O','O','O','O', '.']",
211,211,Hoofdstuk5,Paragraaf2,Artikel100,Lid2,,,21/12/2018,jci1.3:c:BWBR0001840&hoofdstuk=5&paragraaf=2&artikel=100&lid=2&z=2018-12-21&g=2018-12-21,"Het eerste lid geldt niet ,  indien dwingende redenen het vooraf verstrekken van inlichtingen verhinderen .  In dat geval worden inlichtingen zo spoedig mogelijk verstrekt . ",worden verstrekt,inlichtingen,,,,,,,,,,,,"['In', 'dat', 'geval', 'worden', 'inlichtingen', 'zo', 'spoedig', 'mogelijk', 'verstrekt', '.']","['O','O','O', 'V', 'OBJ','O','O','O', 'V', '.']",
217,217,Hoofdstuk5,Paragraaf2,Artikel104,,,,21/12/2018,jci1.3:c:BWBR0001840&hoofdstuk=5&paragraaf=2&artikel=104&z=2018-12-21&g=2018-12-21,Belastingen van het Rijk worden geheven uit kracht van een wet .  Andere heffingen van het Rijk worden bij de wet geregeld . ,worden geheven,Belastingen van het Rijk,,,,,,,,,,,,"['Belastingen', 'van', 'het', 'Rijk', 'worden', 'geheven', 'uit', 'kracht', 'van', 'een', 'wet', '.', 'Andere', 'heffingen', 'van', 'het', 'Rijk', 'worden', 'bij', 'de', 'wet', 'geregeld', '.']","['OBJ', 'OBJ', 'OBJ', 'OBJ', 'V', 'V','O','O','O','O','O', '.', 'OBJ', 'OBJ', 'OBJ', 'OBJ', 'OBJ','O','O','O','O', 'V', '.']",
219,219,Hoofdstuk5,Paragraaf2,Artikel105,Lid2,,,21/12/2018,jci1.3:c:BWBR0001840&hoofdstuk=5&paragraaf=2&artikel=105&lid=2&z=2018-12-21&g=2018-12-21,Jaarlijks worden voorstellen van algemene begrotingswetten door of vanwege de Koning ingediend op het in  bedoelde tijdstip . artikel 65,worden ingediend,voorstellen van algemene begrotingswetten,de Koning,,,,,,,,,,,"['Jaarlijks', 'worden', 'voorstellen', 'van', 'algemene', 'begrotingswetten', 'door', 'of', 'vanwege', 'de', 'Koning', 'ingediend', 'op', 'het', 'in', 'bedoelde', 'tijdstip', '.']","['O', 'V','O','O', 'OBJ','O','O','O','O', 'ACTOR', 'ACTOR', 'V','O','O','O','O','O', '.']",
220,220,Hoofdstuk5,Paragraaf2,Artikel105,Lid3,,,21/12/2018,jci1.3:c:BWBR0001840&hoofdstuk=5&paragraaf=2&artikel=105&lid=3&z=2018-12-21&g=2018-12-21,De verantwoording van de ontvangsten en de uitgaven van het Rijk wordt aan de Staten - Generaal gedaan overeenkomstig de bepalingen van de wet .  De door de Algemene Rekenkamer goedgekeurde rekening wordt aan de Staten - Generaal overgelegd . ,wordt gedaan,De verantwoording van de ontvangsten en de uitgaven van het Rijk,,de Staten-Generaal,,wordt overgelegd,De door de Algemene Rekenkamer goedgekeurde rekening,,de Staten-Generaal,,,,,"['De', 'verantwoording', 'van', 'de', 'ontvangsten', 'en', 'de', 'uitgaven', 'van', 'het', 'Rijk', 'wordt', 'aan', 'de', 'Staten', '-', 'Generaal', 'gedaan', 'overeenkomstig', 'de', 'bepalingen', 'van', 'de', 'wet', '.']","['OBJ', 'OBJ', 'OBJ', 'OBJ', 'OBJ', 'OBJ', 'OBJ', 'OBJ', 'OBJ', 'OBJ', 'OBJ', 'V','O', 'REC', 'REC', '-', 'REC', 'V','O','O','O','O','O','O', '.']",
220,220,Hoofdstuk5,Paragraaf2,Artikel105,Lid3,,,21/12/2018,jci1.3:c:BWBR0001840&hoofdstuk=5&paragraaf=2&artikel=105&lid=3&z=2018-12-21&g=2018-12-21,De verantwoording van de ontvangsten en de uitgaven van het Rijk wordt aan de Staten - Generaal gedaan overeenkomstig de bepalingen van de wet .  De door de Algemene Rekenkamer goedgekeurde rekening wordt aan de Staten - Generaal overgelegd . ,wordt gedaan,De verantwoording van de ontvangsten en de uitgaven van het Rijk,,de Staten-Generaal,,wordt overgelegd,De door de Algemene Rekenkamer goedgekeurde rekening,,de Staten-Generaal,,,,,"['De', 'door', 'de', 'Algemene', 'Rekenkamer', 'goedgekeurde', 'rekening', 'wordt', 'aan', 'de', 'Staten', '-', 'Generaal', 'overgelegd', '.']","['OBJ', 'ACTOR', 'ACTOR', 'ACTOR', 'V','O','O', 'V','O', 'REC', 'REC', '-', 'REC', 'V', '.']",
233,233,Hoofdstuk6,Artikel113,Lid3,,,,21/12/2018,jci1.3:c:BWBR0001840&hoofdstuk=6&artikel=113&lid=3&z=2018-12-21&g=2018-12-21,Een straf van vrijheidsontneming kan uitsluitend door de rechterlijke macht worden opgelegd . ,kan worden opgelegd,Een straf van vrijheidsontneming,de rechterlijke macht,,,,,,,,,,,"['Een', 'straf', 'van', 'vrijheidsontneming', 'kan', 'uitsluitend', 'door', 'de', 'rechterlijke', 'macht', 'worden', 'opgelegd', '.']","['OBJ', 'OBJ', 'OBJ', 'OBJ', 'V','O','O', 'ACTOR', 'ACTOR', 'ACTOR', 'V', 'V', '.']",
241,241,Hoofdstuk6,Artikel117,Lid1,,,,21/12/2018,jci1.3:c:BWBR0001840&hoofdstuk=6&artikel=117&lid=1&z=2018-12-21&g=2018-12-21,De leden van de rechterlijke macht met rechtspraak belast en de procureur - generaal bij de Hoge Raad worden bij koninklijk besluit voor het leven benoemd . ,worden benoemd,De leden van de rechterlijke macht met rechtspraak belast $ de procureur-generaal bij de Hoge Raad,,,,,,,,,,,,"['De', 'leden', 'van', 'de', 'rechterlijke', 'macht', 'met', 'rechtspraak', 'belast', 'en', 'de', 'procureur', '-', 'generaal', 'bij', 'de', 'Hoge', 'Raad', 'worden', 'bij', 'koninklijk', 'besluit', 'voor', 'het', 'leven', 'benoemd', '.']","['REC', 'REC', 'REC', 'REC', 'REC', 'REC', 'OBJ', 'OBJ','O','O', 'REC', 'REC', '-', 'REC','O','O','O','O', 'V','O','O','O','O','O','O', 'V', '.']",
242,242,Hoofdstuk6,Artikel117,Lid2,,,,21/12/2018,jci1.3:c:BWBR0001840&hoofdstuk=6&artikel=117&lid=2&z=2018-12-21&g=2018-12-21,Op eigen verzoek en wegens het bereiken van een bij de wet te bepalen leeftijd worden zij ontslagen . ,worden ontslagen,zij,,,,,,,,,,,,"['Op', 'eigen', 'verzoek', 'en', 'wegens', 'het', 'bereiken', 'van', 'een', 'bij', 'de', 'wet', 'te', 'bepalen', 'leeftijd', 'worden', 'zij', 'ontslagen', '.']","['O', 'ACTOR','O','O','O','O','O','O','O','O','O','O','O','O','O', 'V', 'REC', 'V', '.']",
243,243,Hoofdstuk6,Artikel117,Lid3,,,,21/12/2018,jci1.3:c:BWBR0001840&hoofdstuk=6&artikel=117&lid=3&z=2018-12-21&g=2018-12-21,"In de gevallen bij de wet bepaald kunnen zij door een bij de wet aangewezen ,  tot de rechterlijke macht behorend gerecht worden geschorst of ontslagen . ",worden geschorst $ worden ontslagen,zij,"bij de wet aangewezen, tot de rechterlijke macht behorend gerecht",,,,,,,,,,,"['In', 'de', 'gevallen', 'bij', 'de', 'wet', 'bepaald', 'kunnen', 'zij', 'door', 'een', 'bij', 'de', 'wet', 'aangewezen', ',', 'tot', 'de', 'rechterlijke', 'macht', 'behorend', 'gerecht', 'worden', 'geschorst', 'of', 'ontslagen', '.']","['O','O','O','O','O','O','O','O', 'OBJ','O','O','O','O','O','O', ',','O', 'ACTOR', 'ACTOR', 'ACTOR', 'ACTOR', 'ACTOR', 'V', 'V','O', 'V', '.']",
245,245,Hoofdstuk6,Artikel118,Lid1,,,,21/12/2018,jci1.3:c:BWBR0001840&hoofdstuk=6&artikel=118&lid=1&z=2018-12-21&g=2018-12-21,"De leden van de Hoge Raad der Nederlanden worden benoemd uit een voordracht van drie personen ,  opgemaakt door de Tweede Kamer der Staten - Generaal . ",worden benoemd,De leden van de Hoge Raad der Nederlanden,,,,,,,,,,,,"['De', 'leden', 'van', 'de', 'Hoge', 'Raad', 'der', 'Nederlanden', 'worden', 'benoemd', 'uit', 'een', 'voordracht', 'van', 'drie', 'personen', ',', 'opgemaakt', 'door', 'de', 'Tweede', 'Kamer', 'der', 'Staten', '-', 'Generaal', '.']","['REC', 'REC', 'REC', 'REC', 'REC', 'REC', 'REC', 'REC', 'V', 'V','O','O','O','O','O','O', ',','O', 'ACTOR', 'ACTOR', 'ACTOR', 'ACTOR', 'ACTOR', 'ACTOR', '-', 'ACTOR', '.']",
248,248,Hoofdstuk6,Artikel119,,,,,21/12/2018,jci1.3:c:BWBR0001840&hoofdstuk=6&artikel=119&z=2018-12-21&g=2018-12-21,"De leden van de Staten - Generaal ,  de ministers en de staatssecretarissen staan wegens ambtsmisdrijven in die betrekkingen gepleegd ,  ook na hun aftreden terecht voor de Hoge Raad .  De opdracht tot vervolging wordt gegeven bij koninklijk besluit of bij een besluit van de Tweede Kamer . ",staan terecht,De leden van de Staten-Generaal $ de ministers $ de staatssecretarissen,,,,,,,,,,,,"['De', 'leden', 'van', 'de', 'Staten', '-', 'Generaal', ',', 'de', 'ministers', 'en', 'de', 'staatssecretarissen', 'staan', 'wegens', 'ambtsmisdrijven', 'in', 'die', 'betrekkingen', 'gepleegd', ',', 'ook', 'na', 'hun', 'aftreden', 'terecht', 'voor', 'de', 'Hoge', 'Raad', '.']","['OBJ', 'OBJ', 'OBJ', 'OBJ', 'OBJ', '-', 'OBJ', ',', 'OBJ', 'OBJ','O', 'OBJ', 'OBJ', 'V','O','O','O','O','O','O', ',','O','O','O','O', 'V','O','O','O','O', '.']",
250,250,Hoofdstuk6,Artikel121,,,,,21/12/2018,jci1.3:c:BWBR0001840&hoofdstuk=6&artikel=121&z=2018-12-21&g=2018-12-21,Met uitzondering van de gevallen bij de wet bepaald vinden de terechtzittingen in het openbaar plaats en houden de vonnissen de gronden in waarop zij rusten .  De uitspraak geschiedt in het openbaar . ,vinden in het openbaar plaats,de terechtzittingen,,,,geschiedt,De uitspraak,,,,,,,"['Met', 'uitzondering', 'van', 'de', 'gevallen', 'bij', 'de', 'wet', 'bepaald', 'vinden', 'de', 'terechtzittingen', 'in', 'het', 'openbaar', 'plaats', 'en', 'houden', 'de', 'vonnissen', 'de', 'gronden', 'in', 'waarop', 'zij', 'rusten', '.']","['O','O','O','O','O','O','O','O','O', 'V', 'OBJ', 'OBJ','O','O','O', 'V','O','O','O','O','O','O','O','O','O','O', '.']",
250,250,Hoofdstuk6,Artikel121,,,,,21/12/2018,jci1.3:c:BWBR0001840&hoofdstuk=6&artikel=121&z=2018-12-21&g=2018-12-21,Met uitzondering van de gevallen bij de wet bepaald vinden de terechtzittingen in het openbaar plaats en houden de vonnissen de gronden in waarop zij rusten .  De uitspraak geschiedt in het openbaar . ,vinden in het openbaar plaats,de terechtzittingen,,,,geschiedt,De uitspraak,,,,,,,"['De', 'uitspraak', 'geschiedt', 'in', 'het', 'openbaar', '.']","['OBJ', 'OBJ', 'V','O','O','O', '.']",
261,261,Hoofdstuk7,Artikel128,,,,,21/12/2018,jci1.3:c:BWBR0001840&hoofdstuk=7&artikel=128&z=2018-12-21&g=2018-12-21,"Behoudens in de gevallen bedoeld in  ,  kan de toekenning van bevoegdheden ,  als bedoeld in  ,  aan andere organen dan die ,  genoemd in  ,  alleen door provinciale staten onderscheidenlijk de gemeenteraad geschieden . artikel 123",geschieden,de toekenning van bevoegdheden,provinciale staten onderscheidenlijk de gemeenteraad,"andere organen dan die, genoemd in",,,,,,,,,,"['Behoudens', 'in', 'de', 'gevallen', 'bedoeld', 'in', ',', 'kan', 'de', 'toekenning', 'van', 'bevoegdheden', ',', 'als', 'bedoeld', 'in', ',', 'aan', 'andere', 'organen', 'dan', 'die', ',', 'genoemd', 'in', ',', 'alleen', 'door', 'provinciale', 'staten', 'onderscheidenlijk', 'de', 'gemeenteraad', 'geschieden', '.']","['O','O','O','O','O','O', ',','O', 'OBJ', 'OBJ', 'OBJ', 'OBJ', ',','O','O','O', ',','O', 'REC', 'REC','O','O', ',','O','O', ',','O','O', 'ACTOR', 'ACTOR', 'ACTOR', 'ACTOR', 'ACTOR', 'V', '.']",
262,262,Hoofdstuk7,Artikel129,Lid1,,,,21/12/2018,jci1.3:c:BWBR0001840&hoofdstuk=7&artikel=129&lid=1&z=2018-12-21&g=2018-12-21,"De leden van provinciale staten en van de gemeenteraad worden rechtstreeks gekozen door de Nederlanders ,  tevens ingezetenen van de provincie onderscheidenlijk de gemeente ,  die voldoen aan de vereisten die gelden voor de verkiezing van de Tweede Kamer der Staten - Generaal .  Voor het lidmaatschap gelden dezelfde vereisten . ",worden gekozen,De leden van provinciale staten en van de gemeenteraad,de Nederlanders,,,,,,,,,,,"['De', 'leden', 'van', 'provinciale', 'staten', 'en', 'van', 'de', 'gemeenteraad', 'worden', 'rechtstreeks', 'gekozen', 'door', 'de', 'Nederlanders', ',', 'tevens', 'ingezetenen', 'van', 'de', 'provincie', 'onderscheidenlijk', 'de', 'gemeente', ',', 'die', 'voldoen', 'aan', 'de', 'vereisten', 'die', 'gelden', 'voor', 'de', 'verkiezing', 'van', 'de', 'Tweede', 'Kamer', 'der', 'Staten', '-', 'Generaal', '.']","['OBJ', 'OBJ', 'OBJ', 'OBJ', 'OBJ', 'OBJ', 'OBJ', 'OBJ', 'OBJ', 'V', 'V','O', 'V', 'ACTOR', 'ACTOR', ',','O','O','O','O','O','O','O','O', ',','O','O','O','O','O','O','O','O','O','O','O','O','O','O','O','O', '-','O', '.']",
263,263,Hoofdstuk7,Artikel129,Lid2,,,,21/12/2018,jci1.3:c:BWBR0001840&hoofdstuk=7&artikel=129&lid=2&z=2018-12-21&g=2018-12-21,De leden worden gekozen op de grondslag van evenredige vertegenwoordiging binnen door de wet te stellen grenzen . ,worden gekozen,De leden,,,,,,,,,,,,"['De', 'leden', 'worden', 'gekozen', 'op', 'de', 'grondslag', 'van', 'evenredige', 'vertegenwoordiging', 'binnen', 'door', 'de', 'wet', 'te', 'stellen', 'grenzen', '.']","['OBJ', 'OBJ', 'V', 'V','O','O','O','O','O','O','O','O', 'ACTOR', 'ACTOR', 'ACTOR','O','O', '.']",
267,267,Hoofdstuk7,Artikel129,Lid6,,,,21/12/2018,jci1.3:c:BWBR0001840&hoofdstuk=7&artikel=129&lid=6&z=2018-12-21&g=2018-12-21,De leden stemmen zonder last . ,stemmen,De leden,,,,,,,,,,,,"['De', 'leden', 'stemmen', 'zonder', 'last', '.']","['ACTOR', 'ACTOR', 'V','O','O', '.']",
269,269,Hoofdstuk7,Artikel131,,,,,21/12/2018,jci1.3:c:BWBR0001840&hoofdstuk=7&artikel=131&z=2018-12-21&g=2018-12-21,"De commissaris van de Koning en de burgemeester worden aangesteld ,  geschorst en ontslagen op een bij de wet te bepalen wijze .  Krachtens de wet kunnen nadere regels worden gesteld over de daarbij te volgen procedures . ",worden aangesteld $ geschorst $ ontslagen,De commissaris van de Koning en de burgemeester,,,,,,,,,,,,"['De', 'commissaris', 'van', 'de', 'Koning', 'en', 'de', 'burgemeester', 'worden', 'aangesteld', ',', 'geschorst', 'en', 'ontslagen', 'op', 'een', 'bij', 'de', 'wet', 'te', 'bepalen', 'wijze', '.', 'Krachtens', 'de', 'wet', 'kunnen', 'nadere', 'regels', 'worden', 'gesteld', 'over', 'de', 'daarbij', 'te', 'volgen', 'procedures', '.']","['OBJ', 'OBJ', 'OBJ', 'OBJ', 'OBJ', 'OBJ', 'OBJ', 'OBJ', 'V', 'V', ',', 'V','O', 'V','O','O','O', 'ACTOR', 'ACTOR','O','O','O', '.','O','O','O','O','O','O','O','O','O','O','O','O','O','O', '.']",
276,276,Hoofdstuk7,Artikel132a,Lid1,,,,21/12/2018,jci1.3:c:BWBR0001840&hoofdstuk=7&artikel=132a&lid=1&z=2018-12-21&g=2018-12-21,Bij de wet kunnen in het Caribische deel van Nederland andere territoriale openbare lichamen dan provincies en gemeenten worden ingesteld en opgeheven . ,kunnen worden ingesteld $ opgeheven,andere territoriale openbare lichamen dan provincies en gemeenten,,,,,,,,,,,,"['Bij', 'de', 'wet', 'kunnen', 'in', 'het', 'Caribische', 'deel', 'van', 'Nederland', 'andere', 'territoriale', 'openbare', 'lichamen', 'dan', 'provincies', 'en', 'gemeenten', 'worden', 'ingesteld', 'en', 'opgeheven', '.']","['O','O','O', 'V','O','O','O','O','O','O', 'OBJ', 'OBJ', 'OBJ', 'OBJ', 'OBJ', 'OBJ', 'OBJ', 'OBJ', 'V', 'V','O', 'V', '.']",
278,278,Hoofdstuk7,Artikel132a,Lid3,,,,21/12/2018,jci1.3:c:BWBR0001840&hoofdstuk=7&artikel=132a&lid=3&z=2018-12-21&g=2018-12-21,In deze openbare lichamen worden verkiezingen gehouden voor een kiescollege voor de Eerste Kamer .   is van overeenkomstige toepassing . Artikel 129,worden gehouden,verkiezingen,,een kiescollege voor de Eerste Kamer,,,,,,,,,,"['In', 'deze', 'openbare', 'lichamen', 'worden', 'verkiezingen', 'gehouden', 'voor', 'een', 'kiescollege', 'voor', 'de', 'Eerste', 'Kamer', '.']","['O','O','O','O', 'V', 'OBJ', 'V','O', 'REC', 'REC', 'REC', 'REC', 'REC', 'REC', '.']",
280,280,Hoofdstuk7,Artikel133,Lid1,,,,21/12/2018,jci1.3:c:BWBR0001840&hoofdstuk=7&artikel=133&lid=1&z=2018-12-21&g=2018-12-21,"De opheffing en instelling van waterschappen ,  de regeling van hun taken en inrichting ,  alsmede de samenstelling van hun besturen ,  geschieden volgens bij de wet te stellen regels bij provinciale verordening ,  voor zover bij of krachtens de wet niet anders is bepaald . ",geschieden,"De opheffing en instelling van waterschappen, de regeling van hun taken en inrichting, alsmede de samenstelling van hun besturen",,,,,,,,,,,,"['De', 'opheffing', 'en', 'instelling', 'van', 'waterschappen', ',', 'de', 'regeling', 'van', 'hun', 'taken', 'en', 'inrichting', ',', 'alsmede', 'de', 'samenstelling', 'van', 'hun', 'besturen', ',', 'geschieden', 'volgens', 'bij', 'de', 'wet', 'te', 'stellen', 'regels', 'bij', 'provinciale', 'verordening', ',', 'voor', 'zover', 'bij', 'of', 'krachtens', 'de', 'wet', 'niet', 'anders', 'is', 'bepaald', '.']","['OBJ', 'OBJ', 'OBJ', 'OBJ', 'OBJ', 'OBJ', ',', 'OBJ', 'OBJ', 'OBJ', 'OBJ', 'OBJ', 'OBJ', 'OBJ', ',', 'OBJ', 'OBJ', 'OBJ', 'OBJ', 'V','O', ',', 'V', 'V','O','O','O','O','O','O','O','O','O', ',','O','O','O','O','O','O','O','O','O','O','O', '.']",
283,283,Hoofdstuk7,Artikel134,Lid1,,,,21/12/2018,jci1.3:c:BWBR0001840&hoofdstuk=7&artikel=134&lid=1&z=2018-12-21&g=2018-12-21,Bij of krachtens de wet kunnen openbare lichamen voor beroep en bedrijf en andere openbare lichamen worden ingesteld en opgeheven . ,kunnen worden ingesteld $ opgeheven,openbare lichamen voor beroep en bedrijf en andere openbare lichamen,,,,,,,,,,,,"['Bij', 'of', 'krachtens', 'de', 'wet', 'kunnen', 'openbare', 'lichamen', 'voor', 'beroep', 'en', 'bedrijf', 'en', 'andere', 'openbare', 'lichamen', 'worden', 'ingesteld', 'en', 'opgeheven', '.']","['O','O','O','O','O', 'V', 'REC', 'REC', 'REC', 'REC', 'REC', 'REC', 'REC', 'REC', 'REC', 'REC', 'V', 'V','O', 'V', '.']",
289,289,Hoofdstuk8,Artikel137,Lid2,,,,21/12/2018,jci1.3:c:BWBR0001840&hoofdstuk=8&artikel=137&lid=2&z=2018-12-21&g=2018-12-21,"De Tweede Kamer kan ,  al dan niet op een daartoe door of vanwege de Koning ingediend voorstel ,  een voorstel voor zodanige wet splitsen . ",kan splitsen,een voorstel voor zodanige wet,De Tweede Kamer,,,,,,,,,,,"['De', 'Tweede', 'Kamer', 'kan', ',', 'al', 'dan', 'niet', 'op', 'een', 'daartoe', 'door', 'of', 'vanwege', 'de', 'Koning', 'ingediend', 'voorstel', ',', 'een', 'voorstel', 'voor', 'zodanige', 'wet', 'splitsen', '.']","['ACTOR', 'ACTOR', 'ACTOR', 'V', ',','O','O', 'V','O','O','O','O','O','O','O','O','O','O', ',', 'OBJ', 'OBJ', 'OBJ', 'OBJ', 'OBJ', 'V', '.']",
290,290,Hoofdstuk8,Artikel137,Lid3,,,,21/12/2018,jci1.3:c:BWBR0001840&hoofdstuk=8&artikel=137&lid=3&z=2018-12-21&g=2018-12-21,"Na de bekendmaking van de wet ,  bedoeld in het eerste lid ,  wordt de Tweede Kamer ontbonden . ",wordt ontbonden,de Tweede Kamer,,,,,,,,,,,,"['Na', 'de', 'bekendmaking', 'van', 'de', 'wet', ',', 'bedoeld', 'in', 'het', 'eerste', 'lid', ',', 'wordt', 'de', 'Tweede', 'Kamer', 'ontbonden', '.']","['O','O','O','O','O','O', ',','O','O','O','O','O', ',', 'V', 'OBJ', 'OBJ', 'OBJ', 'V', '.']",
292,292,Hoofdstuk8,Artikel137,Lid5,,,,21/12/2018,jci1.3:c:BWBR0001840&hoofdstuk=8&artikel=137&lid=5&z=2018-12-21&g=2018-12-21,"De Tweede Kamer kan ,  al dan niet op een daartoe door of vanwege de Koning ingediend voorstel ,  met ten minste twee derden van het aantal uitgebrachte stemmen een voorstel tot verandering splitsen . ",kan tot verandering splitsen,een voorstel,De Tweede Kamer,,,,,,,,,,,"['De', 'Tweede', 'Kamer', 'kan', ',', 'al', 'dan', 'niet', 'op', 'een', 'daartoe', 'door', 'of', 'vanwege', 'de', 'Koning', 'ingediend', 'voorstel', ',', 'met', 'ten', 'minste', 'twee', 'derden', 'van', 'het', 'aantal', 'uitgebrachte', 'stemmen', 'een', 'voorstel', 'tot', 'verandering', 'splitsen', '.']","['ACTOR', 'ACTOR', 'ACTOR', 'V', ',','O', 'V','O','O','O','O','O','O','O','O','O','O','O', ',','O','O','O','O','O','O','O','O','O','O','O', 'OBJ','O', 'V', 'V', '.']",
294,294,Hoofdstuk8,Artikel138,Lid1,Onderdeela,,,,,de aangenomen voorstellen en de ongewijzigd gebleven bepalingen van de Grondwet voor zoveel nodig aan elkaar worden aangepast,worden aangepast,de aangenomen voorstellen en de ongewijzigd gebleven bepalingen van de Grondwet,,,,,,,,,,,,"['de', 'aangenomen', 'voorstellen', 'en', 'de', 'ongewijzigd', 'gebleven', 'bepalingen', 'van', 'de', 'Grondwet', 'voor', 'zoveel', 'nodig', 'aan', 'elkaar', 'worden', 'aangepast']","['O','O','O','O','O','O','O','O', 'ACTOR', 'ACTOR','O','O','O','O','O','O', 'V', 'V']",
295,295,Hoofdstuk8,Artikel138,Lid1,Onderdeelb,,,21/12/2018,jci1.3:c:BWBR0001840&hoofdstuk=8&artikel=138&lid=1&o=b&z=2018-12-21&g=2018-12-21,"de indeling in en de plaats van hoofdstukken ,  paragrafen en artikelen ,  alsmede de opschriften worden gewijzigd . ",worden gewijzigd,"de indeling in en de plaats van hoofdstukken, paragrafen en artikelen, alsmede de opschriften",,,,,,,,,,,,"['de', 'indeling', 'in', 'en', 'de', 'plaats', 'van', 'hoofdstukken', ',', 'paragrafen', 'en', 'artikelen', ',', 'alsmede', 'de', 'opschriften', 'worden', 'gewijzigd', '.']","['OBJ', 'OBJ', 'OBJ', 'OBJ', 'OBJ', 'OBJ', 'OBJ', 'OBJ', ',', 'OBJ', 'OBJ', 'OBJ', ',', 'OBJ', 'OBJ', 'V', 'V', 'V', '.']",
296,296,Hoofdstuk8,Artikel138,Lid2,,,,21/12/2018,jci1.3:c:BWBR0001840&hoofdstuk=8&artikel=138&lid=2&z=2018-12-21&g=2018-12-21,"Een voorstel van wet ,  houdende voorzieningen als bedoeld in het eerste lid onder a ,  kunnen de kamers alleen aannemen met ten minste twee derden van het aantal uitgebrachte stemmen . ",kunnen alleen aannemen,Een voorstel van wet,de kamers,,,,,,,,,,,"['Een', 'voorstel', 'van', 'wet', ',', 'houdende', 'voorzieningen', 'als', 'bedoeld', 'in', 'het', 'eerste', 'lid', 'onder', 'a', ',', 'kunnen', 'de', 'kamers', 'alleen', 'aannemen', 'met', 'ten', 'minste', 'twee', 'derden', 'van', 'het', 'aantal', 'uitgebrachte', 'stemmen', '.']","['OBJ', 'OBJ', 'OBJ', 'OBJ', ',','O','O','O','O','O','O','O','O','O','O', ',', 'V', 'ACTOR', 'ACTOR', 'V', 'V','O','O','O','O','O','O','O','O','O','O', '.']",
299,299,Hoofdstuk8,Artikel141,,,,,21/12/2018,jci1.3:c:BWBR0001840&hoofdstuk=8&artikel=141&z=2018-12-21&g=2018-12-21,"De tekst van de herziene Grondwet wordt bij koninklijk besluit bekendgemaakt ,  waarbij hoofdstukken ,  paragrafen en artikelen kunnen worden vernummerd en verwijzingen dienovereenkomstig kunnen worden veranderd . ",wordt bekendgemaakt,De tekst van de herziene Grondwet,,,,,,,,,,,,"['De', 'tekst', 'van', 'de', 'herziene', 'Grondwet', 'wordt', 'bij', 'koninklijk', 'besluit', 'bekendgemaakt', ',', 'waarbij', 'hoofdstukken', ',', 'paragrafen', 'en', 'artikelen', 'kunnen', 'worden', 'vernummerd', 'en', 'verwijzingen', 'dienovereenkomstig', 'kunnen', 'worden', 'veranderd', '.']","['OBJ', 'OBJ', 'OBJ', 'OBJ', 'OBJ', 'OBJ', 'V','O','O','O', 'V', ',','O','O', ',','O','O','O','O','O','O','O','O','O','O', 'V', 'V', '.']",
350,0,Deel1,Hoofdstuk1.1,Artikel1.1,,,,18/04/2019,jci1.3:c:BWBR0032203&deel=1&hoofdstuk=1.1&artikel=1.1&z=2019-04-18&g=2019-04-18,In deze wet en de daarop berustende bepalingen wordt verstaan onder : ,Wordt verstaan,,,,,,,,,,,,,"['In', 'deze', 'wet', 'en', 'de', 'daarop', 'berustende', 'bepalingen', 'wordt', 'verstaan', 'onder', ':']","['O','O','O','O','O','O','O','O', 'V', 'V','O', ':']",
352,2,Deel1,Hoofdstuk1.1,Artikel1.1,Onderdeel_2,,,,,alle stukken die door de aanbestedende dienst of het speciale - sectorbedrijf worden opgesteld of vermeld ter omschrijving of bepaling van onderdelen van de aanbesteding of de procedure,worden opgesteld of vermeld,alle stukken,de aanbestedende dienst of het speciale-sectorbedrjif,,,,,,,,,,,"['alle', 'stukken', 'die', 'door', 'de', 'aanbestedende', 'dienst', 'of', 'het', 'speciale', '-', 'sectorbedrijf', 'worden', 'opgesteld', 'of', 'vermeld', 'ter', 'omschrijving', 'of', 'bepaling', 'van', 'onderdelen', 'van', 'de', 'aanbesteding', 'of', 'de', 'procedure']","['OBJ', 'OBJ','O','O', 'ACTOR', 'ACTOR', 'ACTOR', 'ACTOR', 'ACTOR', 'ACTOR', '-', 'ACTOR', 'V', 'V', 'V', 'V','O','O','O','O','O','O','O','O','O','O','O', ]",
353,3,Deel1,Hoofdstuk1.1,Artikel1.1,Onderdeel_3,,,,,een aanbestedende dienst die of speciale - sectorbedrijf dat een gecentraliseerde aankoopactiviteit en eventueel een aanvullende aankoopactiviteit verricht,verricht,een gecentraliseerde aankoopactiviteit en eventueel een aanvullende aankoopactiviteit,een aanbestedende dienst die of speciale-sectorbedrijf,,,,,,,,,,,"['een', 'aanbestedende', 'dienst', 'die', 'of', 'speciale', '-', 'sectorbedrijf', 'dat', 'een', 'gecentraliseerde', 'aankoopactiviteit', 'en', 'eventueel', 'een', 'aanvullende', 'aankoopactiviteit', 'verricht']","['ACTOR', 'ACTOR', 'ACTOR', 'ACTOR', 'ACTOR', 'ACTOR', '-', 'ACTOR','O', 'OBJ', 'OBJ', 'OBJ', 'OBJ', 'OBJ', 'OBJ', 'OBJ', 'OBJ', 'V']",
354,4,Deel1,Hoofdstuk1.1,Artikel1.1,Onderdeel_4,,,,,een ieder die de uitvoering van werken op de markt aanbiedt,aanbiedt,e uitvoering van werken ,een ieder,,,,,,,,,,,"['een', 'ieder', 'die', 'de', 'uitvoering', 'van', 'werken', 'op', 'de', 'markt', 'aanbiedt']","['ACTOR', 'ACTOR','O', 'OBJ', 'OBJ', 'OBJ', 'OBJ', 'OBJ', 'OBJ', 'OBJ', 'V']",
355,5,Deel1,Hoofdstuk1.1,Artikel1.1,Onderdeel_5,,,18/04/2019,jci1.3:c:BWBR0032203&deel=1&hoofdstuk=1.1&artikel=1.1&z=2019-04-18&g=2019-04-18,"een activiteit die bestaat uit het verlenen van ondersteuning aan een aankoopactiviteit ,  in het bijzonder op de volgende wijzen : aanvullende aankoopactiviteit : ",het verlenen van ondersteuning aan een aankoopactiviteit,bestaat uit,een activiteit,,,,,,,,,,,"['een', 'activiteit', 'die', 'bestaat', 'uit', 'het', 'verlenen', 'van', 'ondersteuning', 'aan', 'een', 'aankoopactiviteit', ',', 'in', 'het', 'bijzonder', 'op', 'de', 'volgende', 'wijzen', ':', 'aanvullende', 'aankoopactiviteit', ':']","['ACTOR', 'ACTOR','O', 'OBJ', 'OBJ', 'V', 'V', 'V', 'V', 'V', 'V', 'V', ',','O','O','O','O','O','O','O', ':','O','O', ':']",
356,6,Deel1,Hoofdstuk1.1,Artikel1.1,Onderdeel_5,Onderdeela,,,,door het beschikbaar stellen van technische infrastructuur die aanbestedende diensten of speciale - sectorbedrijven in staat stelt overheidsopdrachten respectievelijk speciale - sectoropdrachten te plaatsen, in staat stelt,overheidsopdrachten,aanbestedende diensten of speciale-sectorbedrijven,,,,,,,,,,,"['door', 'het', 'beschikbaar', 'stellen', 'van', 'technische', 'infrastructuur', 'die', 'aanbestedende', 'diensten', 'of', 'speciale', '-', 'sectorbedrijven', 'in', 'staat', 'stelt', 'overheidsopdrachten', 'respectievelijk', 'speciale', '-', 'sectoropdrachten', 'te', 'plaatsen']","['O','O','O','O','O','O','O','O', 'ACTOR', 'ACTOR', 'ACTOR', 'ACTOR', '-', 'ACTOR','O','O', 'V','O','O','O', '-','O','O', ]",
359,9,Deel1,Hoofdstuk1.1,Artikel1.1,Onderdeel_6,,,,,"de Autoriteit Consument en Markt ,  genoemd in ",genoemd,,de Autoriteit Consument en Markt,,,,,,,,,,,"['de', 'Autoriteit', 'Consument', 'en', 'Markt', ',', 'genoemd', 'in']","['ACTOR', 'ACTOR', 'ACTOR', 'ACTOR', 'ACTOR', ',','O', ]",
360,10,Deel1,Hoofdstuk1.1,Artikel1.1,Onderdeel_7,,,18/04/2019,jci1.3:c:BWBR0032203&deel=1&hoofdstuk=1.1&artikel=1.1&z=2019-04-18&g=2019-04-18,een recht dat bij wettelijk voorschrift of bij besluit van een bestuursorgaan aan een beperkt aantal ondernemingen wordt verleend en waarbij binnen een bepaald geografisch gebied : bijzonder recht : , wordt verleend,,een recht, een beperkt aantal ondernemingen ,,,,,,,,,,"['een', 'recht', 'dat', 'bij', 'wettelijk', 'voorschrift', 'of', 'bij', 'besluit', 'van', 'een', 'bestuursorgaan', 'aan', 'een', 'beperkt', 'aantal', 'ondernemingen', 'wordt', 'verleend', 'en', 'waarbij', 'binnen', 'een', 'bepaald', 'geografisch', 'gebied', ':', 'bijzonder', 'recht', ':']","['O','O','O','O','O','O','O','O','O','O','O', 'ACTOR','O', 'REC', 'REC', 'REC', 'REC', 'V', 'V','O','O','O','O','O','O','O', ':','O','O', ':']",
361,11,Deel1,Hoofdstuk1.1,Artikel1.1,Onderdeel_7,Onderdeela,,18/04/2019,jci1.3:c:BWBR0032203&deel=1&hoofdstuk=1.1&artikel=1.1&z=2019-04-18&g=2019-04-18,"het aantal van deze ondernemingen die een dienst mogen verrichten of een activiteit mogen uitoefenen op een andere wijze dan volgens objectieve ,  evenredige en niet - discriminerende criteria tot twee of meer wordt beperkt , ",mogen verrichten ,een dienst ,het aantal van deze ondernemingen,,,mogen uitoefenen,een activiteit,het aantal van deze ondernemingen,,,,,,"['het', 'aantal', 'van', 'deze', 'ondernemingen', 'die', 'een', 'dienst', 'mogen', 'verrichten', 'of', 'een', 'activiteit', 'mogen', 'uitoefenen', 'op', 'een', 'andere', 'wijze', 'dan', 'volgens', 'objectieve', ',', 'evenredige', 'en', 'niet', '-', 'discriminerende', 'criteria', 'tot', 'twee', 'of', 'meer', 'wordt', 'beperkt', ',']","['ACTOR', 'ACTOR', 'ACTOR', 'ACTOR', 'ACTOR','O', 'OBJ', 'OBJ', 'V', 'V','O', 'OBJ', 'OBJ', 'V', 'V','O','O','O','O','O','O','O', ',','O','O','O', '-','O','O','O','O','O','O','O','O', ',']",
362,12,Deel1,Hoofdstuk1.1,Artikel1.1,Onderdeel_7,Onderdeelb,,18/04/2019,jci1.3:c:BWBR0032203&deel=1&hoofdstuk=1.1&artikel=1.1&z=2019-04-18&g=2019-04-18,"verscheidene concurrerende ondernemingen die een dienst mogen verrichten of een activiteit mogen uitoefenen op een andere wijze dan volgens deze criteria worden aangewezen ,  of",mogen verrichten ,een dienst ,verscheidene concurrerende ondernemingen,,,mogen uitoefenen,een activiteit,verscheidene concurrerende ondernemingen,,,,,,"['verscheidene', 'concurrerende', 'ondernemingen', 'die', 'een', 'dienst', 'mogen', 'verrichten', 'of', 'een', 'activiteit', 'mogen', 'uitoefenen', 'op', 'een', 'andere', 'wijze', 'dan', 'volgens', 'deze', 'criteria', 'worden', 'aangewezen', ',', 'of']","['ACTOR', 'ACTOR', 'ACTOR','O', 'OBJ', 'OBJ', 'V', 'V','O', 'OBJ', 'OBJ', 'V', 'V','O','O','O','O','O','O','O','O', 'ACT', 'V', ',', ]",
363,13,Deel1,Hoofdstuk1.1,Artikel1.1,Onderdeel_7,Onderdeelc,,,,"op een andere wijze dan volgens deze criteria aan een of meer ondernemingen die een dienst mogen verrichten of een activiteit mogen uitoefenen voordelen worden toegekend ,  waardoor enige andere onderneming aanzienlijk wordt belemmerd in de mogelijkheid om dezelfde activiteiten binnen hetzelfde geografische gebied onder in wezen dezelfde omstandigheden uit te oefenen",mogen verrichten ,een dienst ,een of meer ondernemingen,,,mogen uitoefenen ,een activiteit ,een of meer ondernemingen,dezelfde activiteiten binnen hetzelfde geografische gebied,wordt belemmerd,, enige andere onderneming ,,"['op', 'een', 'andere', 'wijze', 'dan', 'volgens', 'deze', 'criteria', 'aan', 'een', 'of', 'meer', 'ondernemingen', 'die', 'een', 'dienst', 'mogen', 'verrichten', 'of', 'een', 'activiteit', 'mogen', 'uitoefenen', 'voordelen', 'worden', 'toegekend', ',', 'waardoor', 'enige', 'andere', 'onderneming', 'aanzienlijk', 'wordt', 'belemmerd', 'in', 'de', 'mogelijkheid', 'om', 'dezelfde', 'activiteiten', 'binnen', 'hetzelfde', 'geografische', 'gebied', 'onder', 'in', 'wezen', 'dezelfde', 'omstandigheden', 'uit', 'te', 'oefenen']","['O','O','O','O','O','O','O','O','O', 'ACTOR', 'ACTOR', 'ACTOR', 'ACTOR','O', 'OBJ', 'OBJ', 'V', 'V','O', 'OBJ', 'OBJ', 'V', 'V','O','O','O', ',','O', 'ACTOR', 'ACTOR', 'ACTOR','O', 'V', 'V','O','O','O','O', 'REC', 'REC', 'REC', 'REC', 'REC', 'REC','O','O','O','O','O','O','O', ]",
364,15,Deel1,Hoofdstuk1.1,Artikel1.1,Onderdeel_9,,,,,een ondernemer aan wie een concessieopdracht is gegund,is gegund,,een concessie opdracht,een ondernemer,,,,,,,,,,"['een', 'ondernemer', 'aan', 'wie', 'een', 'concessieopdracht', 'is', 'gegund']","['REC', 'REC','O','O','O','O', 'V', 'V']",
366,17,Deel1,Hoofdstuk1.1,Artikel1.1,Onderdeel_11,,,,,"een schriftelijke overeenkomst onder bezwarende titel die is gesloten tussen een of meer dienstverleners en een of meer aanbestedende diensten of speciale - sectorbedrijven en die betrekking heeft op het verlenen van andere diensten dan die welke vallen onder overheidsopdracht voor werken ,  en waarvoor de tegenprestatie bestaat uit hetzij uitsluitend het recht de dienst die het voorwerp van de overeenkomst vormt ,  te exploiteren ,  hetzij uit dit recht en een betaling",is gesloten ,en of meer dienstverleners en een of meer aanbestedende diensten of speciale-sectorbedrijven,een schriftelijke overeenkomst onder bezwarende titel,,,heeft,,een schriftelijke overeenkomst onder bezwarende titel,bestaat,,,,,"['een', 'schriftelijke', 'overeenkomst', 'onder', 'bezwarende', 'titel', 'die', 'is', 'gesloten', 'tussen', 'een', 'of', 'meer', 'dienstverleners', 'en', 'een', 'of', 'meer', 'aanbestedende', 'diensten', 'of', 'speciale', '-', 'sectorbedrijven', 'en', 'die', 'betrekking', 'heeft', 'op', 'het', 'verlenen', 'van', 'andere', 'diensten', 'dan', 'die', 'welke', 'vallen', 'onder', 'overheidsopdracht', 'voor', 'werken', ',', 'en', 'waarvoor', 'de', 'tegenprestatie', 'bestaat', 'uit', 'hetzij', 'uitsluitend', 'het', 'recht', 'de', 'dienst', 'die', 'het', 'voorwerp', 'van', 'de', 'overeenkomst', 'vormt', ',', 'te', 'exploiteren', ',', 'hetzij', 'uit', 'dit', 'recht', 'en', 'een', 'betaling']","['O','O','O','O','O','O', 'V', 'V','O', 'OBJ', 'OBJ', 'OBJ', 'OBJ', 'OBJ', 'OBJ', 'OBJ', 'OBJ', 'OBJ', 'OBJ', 'OBJ', 'OBJ', '-', 'OBJ','O','O','O', 'V','O','O','O','O','O','O','O','O','O','O','O','O','O','O', ',','O','O','O','O', 'REC','O','O','O','O','O','O','O','O','O','O','O','O','O','O', ',','O','O', ',','O','O','O','O','O','O', ]",
367,18,Deel1,Hoofdstuk1.1,Artikel1.1,Onderdeel_12,,,18/04/2019,jci1.3:c:BWBR0032203&deel=1&hoofdstuk=1.1&artikel=1.1&z=2019-04-18&g=2019-04-18,een schriftelijke overeenkomst onder bezwarende titel die is gesloten tussen een of meer aannemers en een of meer aanbestedende diensten of speciale - sectorbedrijven en die betrekking heeft op : concessieopdracht voor werken : ,is gesloten ,en of meer dienstverleners en een of meer aanbestedende diensten of speciale-sectorbedrijven,een schriftelijke overeenkomst onder bezwarende titel,,,heeft,,een schriftelijke overeenkomst onder bezwarende titel,,,,,,"['een', 'schriftelijke', 'overeenkomst', 'onder', 'bezwarende', 'titel', 'die', 'is', 'gesloten', 'tussen', 'een', 'of', 'meer', 'aannemers', 'en', 'een', 'of', 'meer', 'aanbestedende', 'diensten', 'of', 'speciale', '-', 'sectorbedrijven', 'en', 'die', 'betrekking', 'heeft', 'op', ':', 'concessieopdracht', 'voor', 'werken', ':']","['ACTOR', 'ACTOR', 'ACTOR', 'ACTOR', 'ACTOR', 'ACTOR','O', 'V', 'V','O', 'OBJ', 'OBJ', 'OBJ', 'OBJ', 'OBJ', 'OBJ', 'OBJ', 'OBJ', 'OBJ', 'OBJ', 'OBJ', 'OBJ', '-', 'OBJ','O','O','O', 'V','O', ':','O','O','O', ':']",
368,19,Deel1,Hoofdstuk1.1,Artikel1.1,Onderdeel_12,,,,,"waarvoor de tegenprestatie bestaat uit hetzij uitsluitend het recht het werk dat het voorwerp van de opdracht vormt ,  te exploiteren ,  hetzij uit dit recht en een betaling", bestaat uit,,tegenprestatie,,,vormt,,het voorwerp van de opdracht,,,,,,"['waarvoor', 'de', 'tegenprestatie', 'bestaat', 'uit', 'hetzij', 'uitsluitend', 'het', 'recht', 'het', 'werk', 'dat', 'het', 'voorwerp', 'van', 'de', 'opdracht', 'vormt', ',', 'te', 'exploiteren', ',', 'hetzij', 'uit', 'dit', 'recht', 'en', 'een', 'betaling']","['O','O', 'ACTOR', 'V','O','O','O','O','O','O','O','O', 'OBJ', 'OBJ', 'OBJ', 'OBJ', 'OBJ', 'V', ',','O','O', ',','O','O','O','O','O','O', ]",
369,21,Deel1,Hoofdstuk1.1,Artikel1.1,Onderdeel_12,Onderdeelb,,18/04/2019,jci1.3:c:BWBR0032203&deel=1&hoofdstuk=1.1&artikel=1.1&z=2019-04-18&g=2019-04-18,"een werk dan wel het verwezenlijken ,  met welke middelen dan ook ,  van een werk dat voldoet aan de eisen van de aanbestedende dienst of het speciale - sectorbedrijf die een beslissende invloed uitoefenen op het soort werk of op het ontwerp van het werk , ",voldoet,de eisen van de aanbestedende dienst of het speciale-sectorbedrij,een werk ,,,,,,,,,,,"['een', 'werk', 'dan', 'wel', 'het', 'verwezenlijken', ',', 'met', 'welke', 'middelen', 'dan', 'ook', ',', 'van', 'een', 'werk', 'dat', 'voldoet', 'aan', 'de', 'eisen', 'van', 'de', 'aanbestedende', 'dienst', 'of', 'het', 'speciale', '-', 'sectorbedrijf', 'die', 'een', 'beslissende', 'invloed', 'uitoefenen', 'op', 'het', 'soort', 'werk', 'of', 'op', 'het', 'ontwerp', 'van', 'het', 'werk', ',']","['O','O','O','O','O','O', ',','O','O','O','O','O', ',','O','O','O','O', 'V','O', 'OBJ', 'OBJ', 'OBJ', 'OBJ', 'OBJ', 'OBJ', 'OBJ', 'OBJ', 'OBJ', '-', 'OBJ','O','O','O','O','O','O','O','O','O','O','O','O','O','O','O','O', ',']",
370,22,Deel1,Hoofdstuk1.1,Artikel1.1,Onderdeel_13,,,,,"een instantie die conformiteitsbeoordelingsactiviteiten verricht en die geaccrediteerd is overeenkomstig verordening  ( EG )  nr .  765 / 2008 van het Europees Parlement en de Raad van 9 juli 2008 tot vaststelling van de eisen inzake accreditatie en markttoezicht betreffende het verhandelen van producten en tot intrekking van verordening  ( EEG )  nr .  339 / 93  ( PbEU 2008 ,  L 218 ) ",verricht ,conformiteitsbeoordelingsactiviteiten,een instantie,,,geaccrediteerd is,,een instantie,,,,,,"['een', 'instantie', 'die', 'conformiteitsbeoordelingsactiviteiten', 'verricht', 'en', 'die', 'geaccrediteerd', 'is', 'overeenkomstig', 'verordening', '(', 'EG', ')', 'nr', '.', '765', '/', '2008', 'van', 'het', 'Europees', 'Parlement', 'en', 'de', 'Raad', 'van', '9', 'juli', '2008', 'tot', 'vaststelling', 'van', 'de', 'eisen', 'inzake', 'accreditatie', 'en', 'markttoezicht', 'betreffende', 'het', 'verhandelen', 'van', 'producten', 'en', 'tot', 'intrekking', 'van', 'verordening', '(', 'EEG', ')', 'nr', '.', '339', '/', '93', '(', 'PbEU', '2008', ',', 'L', '218', ')']","['ACTOR', 'ACTOR','O', 'OBJ', 'V','O','O', 'V', 'V','O','O', '(','O', ')','O', '.', '765', '/', '2008','O','O','O','O','O','O','O','O', '9','O', '2008','O','O','O','O','O','O','O','O','O','O','O','O','O','O','O','O','O','O','O', '(','O', ')','O', '.', '339', '/', '93', '(','O', '2008', ',','O', '218', ')']",
371,23,Deel1,Hoofdstuk1.1,Artikel1.1,Onderdeel_14,,,,,"de gemeenschappelijke woordenlijst overheidsopdrachten ,  vastgesteld bij verordening  ( EG )  nr .  2195 / 2002 van het Europees Parlement en de Raad van 5 november 2002 betreffende de gemeenschappelijke woordenlijst overheidsopdrachten  ( CPV )   ( PbEG 2002 ,  L 340 ) ",vastgesteld,,de gemeenschappelijke woordenlijst overheidsopdrachten,,,,,,,,,,,"['de', 'gemeenschappelijke', 'woordenlijst', 'overheidsopdrachten', ',', 'vastgesteld', 'bij', 'verordening', '(', 'EG', ')', 'nr', '.', '2195', '/', '2002', 'van', 'het', 'Europees', 'Parlement', 'en', 'de', 'Raad', 'van', '5', 'november', '2002', 'betreffende', 'de', 'gemeenschappelijke', 'woordenlijst', 'overheidsopdrachten', '(', 'CPV', ')', '(', 'PbEG', '2002', ',', 'L', '340', ')']","['ACTOR', 'ACTOR', 'ACTOR', 'ACTOR', ',', 'V','O','O', '(','O', ')','O', '.','2195', '/','2002','O','O','O','O','O','O','O','O','5','O','2002','O','O','O','O','O', '(','O', ')', '(','O','2002', ',','O','340', ')']",
372,24,Deel1,Hoofdstuk1.1,Artikel1.1,Onderdeel_15,,,,,een ieder die diensten op de markt aanbiedt,aanbiedt,,een ieder,,,,,,,,,,,"['een', 'ieder', 'die', 'diensten', 'op', 'de', 'markt', 'aanbiedt']","['ACTOR', 'ACTOR','O','O','O','O','O', 'V']",
373,25,Deel1,Hoofdstuk1.1,Artikel1.1,Onderdeel_16,,,,,"een elektronisch proces voor het doen van gangbare aankopen van werken ,  leveringen of diensten ,  waarvan de kenmerken wegens de algemene beschikbaarheid op de markt voldoen aan de behoeften van de aanbestedende dienst of het speciale - sectorbedrijf ,  dat is beperkt in de tijd en gedurende de gehele looptijd openstaat voor ondernemers die aan de eisen voor toelating tot het systeem voldoen", is beperkt,"een elektronisch proces voor het doen van gangbare aankopen van werken, leveringen of diensten","een elektronisch proces voor het doen van gangbare aankopen van werken, leveringen of diensten",,,,,,,,,,,"['een', 'elektronisch', 'proces', 'voor', 'het', 'doen', 'van', 'gangbare', 'aankopen', 'van', 'werken', ',', 'leveringen', 'of', 'diensten', ',', 'waarvan', 'de', 'kenmerken', 'wegens', 'de', 'algemene', 'beschikbaarheid', 'op', 'de', 'markt', 'voldoen', 'aan', 'de', 'behoeften', 'van', 'de', 'aanbestedende', 'dienst', 'of', 'het', 'speciale', '-', 'sectorbedrijf', ',', 'dat', 'is', 'beperkt', 'in', 'de', 'tijd', 'en', 'gedurende', 'de', 'gehele', 'looptijd', 'openstaat', 'voor', 'ondernemers', 'die', 'aan', 'de', 'eisen', 'voor', 'toelating', 'tot', 'het', 'systeem', 'voldoen']","['ACTOR', 'ACTOR', 'ACTOR', 'ACTOR', 'ACTOR', 'ACTOR', 'ACTOR', 'ACTOR', 'ACTOR', 'ACTOR', 'ACTOR', ',','O','O','O', ',','O','O','O','O','O','O','O','O','O','O','O','O','O','O','O','O','O','O','O','O','O', '-','O', ',','O', 'V', 'V','O','O','O','O','O','O','O','O','O','O','O','O','O','O','O','O','O','O','O','O', ]",
375,27,Deel1,Hoofdstuk1.1,Artikel1.1,Onderdeel_18,,,,,"een middel waarbij gebruik wordt gemaakt van elektronische apparatuur voor gegevensverwerking  ( met inbegrip van digitale compressie )  en gegevensopslag ,  alsmede van verspreiding ,  overbrenging en ontvangst door middel van draden ,  straalverbindingen ,  optische middelen of andere elektromagnetische middelen",gebruik wordt gemaakt,"elektronische apparatuur voor gegevensverwerking (met inbegrip van digitale compressie) en gegevensopslag, alsmede van verspreiding, overbrenging en ontvangst door middel van draden, straalverbindingen, optische middelen of andere elektromagnetische middelen",een middel,,,,,,,,,,,"['een', 'middel', 'waarbij', 'gebruik', 'wordt', 'gemaakt', 'van', 'elektronische', 'apparatuur', 'voor', 'gegevensverwerking', '(', 'met', 'inbegrip', 'van', 'digitale', 'compressie', ')', 'en', 'gegevensopslag', ',', 'alsmede', 'van', 'verspreiding', ',', 'overbrenging', 'en', 'ontvangst', 'door', 'middel', 'van', 'draden', ',', 'straalverbindingen', ',', 'optische', 'middelen', 'of', 'andere', 'elektromagnetische', 'middelen']","['O','O','O','O', 'V', 'V','O', 'OBJ', 'OBJ', 'OBJ', 'OBJ', '(', 'OBJ', 'OBJ', 'OBJ', 'OBJ', 'OBJ', ')', 'OBJ', 'OBJ', ',', 'OBJ', 'OBJ', 'OBJ', ',', 'OBJ', 'OBJ', 'OBJ', 'OBJ', 'OBJ', 'OBJ', 'OBJ', ',', 'OBJ', ',', 'OBJ', 'OBJ', 'OBJ', 'OBJ', 'OBJ', 'OBJ']",
376,28,Deel1,Hoofdstuk1.1,Artikel1.1,Onderdeel_19,,,,,"het elektronische systeem voor aanbestedingen ,  bedoeld in ",bedoeld in ,,,,,,,,,,,,,"['het', 'elektronische', 'systeem', 'voor', 'aanbestedingen', ',', 'bedoeld', 'in']","['O','O','O','O','O', ',', 'V', 'V']",
377,29,Deel1,Hoofdstuk1.1,Artikel1.1,Onderdeel_20,,,,,"factuur die is opgesteld ,  verzonden en ontvangen in een gestructureerde elektronische vorm die automatische en elektronische verwerking ervan mogelijk maakt",is opgesteld $ verzonden $ ontvngen,,factuur,,,,,,,,,,,"['factuur', 'die', 'is', 'opgesteld', ',', 'verzonden', 'en', 'ontvangen', 'in', 'een', 'gestructureerde', 'elektronische', 'vorm', 'die', 'automatische', 'en', 'elektronische', 'verwerking', 'ervan', 'mogelijk', 'maakt']","['OBJ','O', 'V', 'V', ',', 'V', 'V', 'V','O','O','O','O','O','O','O','O','O','O','O','O', ]",
378,30,Deel1,Hoofdstuk1.1,Artikel1.1,Onderdeel_21,,,,,"een zich herhalend elektronisch proces voor de presentatie van nieuwe ,  verlaagde prijzen of van nieuwe waarden voor bepaalde elementen van de inschrijvingen ,  dat plaatsvindt na de eerste volledige beoordeling van de inschrijvingen en dat klassering op basis van automatische beoordelingsmethoden mogelijk maakt",plaatsvindt,,"een zich herhalend elektronisch proces voor de presentatie van nieuwe, verlaagde prijzen of van nieuwe waarden voor bepaalde elementen van de inschrijvingen",,"Na is hier een modifier toch, dus bijzin negeren?",,,,,,,,,"['een', 'zich', 'herhalend', 'elektronisch', 'proces', 'voor', 'de', 'presentatie', 'van', 'nieuwe', ',', 'verlaagde', 'prijzen', 'of', 'van', 'nieuwe', 'waarden', 'voor', 'bepaalde', 'elementen', 'van', 'de', 'inschrijvingen', ',', 'dat', 'plaatsvindt', 'na', 'de', 'eerste', 'volledige', 'beoordeling', 'van', 'de', 'inschrijvingen', 'en', 'dat', 'klassering', 'op', 'basis', 'van', 'automatische', 'beoordelingsmethoden', 'mogelijk', 'maakt']","['OBJ', 'OBJ', 'OBJ', 'OBJ', 'OBJ', 'OBJ', 'OBJ', 'OBJ', 'OBJ', 'OBJ', ',', 'OBJ', 'OBJ', 'OBJ', 'OBJ', 'OBJ', 'OBJ', 'OBJ', 'OBJ', 'OBJ', 'OBJ', 'OBJ', 'OBJ', ',','O', 'V','O','O','O','O','O','O','O','O','O','O','O','O','O','O','O','O','O', ]",
379,31,Deel1,Hoofdstuk1.1,Artikel1.1,Onderdeel_22,,,18/04/2019,jci1.3:c:BWBR0032203&deel=1&hoofdstuk=1.1&artikel=1.1&z=2019-04-18&g=2019-04-18,een activiteit die permanent plaatsvindt op een van de volgende wijzen : gecentraliseerde aankoopactiviteit : ,plaatsvindt,,een activiteit,,,,,,,,,,,"['een', 'activiteit', 'die', 'permanent', 'plaatsvindt', 'op', 'een', 'van', 'de', 'volgende', 'wijzen', ':', 'gecentraliseerde', 'aankoopactiviteit', ':']","['OBJ', 'OBJ','O','O', 'V','O','O','O','O','O','O', ':','O','O', ':']",
380,32,Deel1,Hoofdstuk1.1,Artikel1.1,Onderdeel_22,Onderdeela,,,,de verwerving van leveringen of diensten die bestemd zijn voor aanbestedende diensten of speciale - sectorbedrijven,bestemd zijn,,de verwerving van leveringen of diensten,aanbestedende diensten of speciale-sectorbedrijven,,,,,,,,,,"['de', 'verwerving', 'van', 'leveringen', 'of', 'diensten', 'die', 'bestemd', 'zijn', 'voor', 'aanbestedende', 'diensten', 'of', 'speciale', '-', 'sectorbedrijven']","['OBJ', 'OBJ', 'OBJ', 'OBJ', 'OBJ', 'OBJ','O', 'V', 'V','O', 'REC', 'REC', 'REC', 'REC', '-', 'REC']",
381,33,Deel1,Hoofdstuk1.1,Artikel1.1,Onderdeel_22,Onderdeelb,,,,het plaatsen van overheidsopdrachten respectievelijk speciale - sectoropdrachten die bestemd zijn voor aanbestedende diensten of speciale - sectorbedrijven,bestemd zijn,,overheidsopdrachten respectievelijk speciale-sectoropdrachte,aanbestedende diensten of speciale-sectorbedrijven,,,,,,,,,,"['het', 'plaatsen', 'van', 'overheidsopdrachten', 'respectievelijk', 'speciale', '-', 'sectoropdrachten', 'die', 'bestemd', 'zijn', 'voor', 'aanbestedende', 'diensten', 'of', 'speciale', '-', 'sectorbedrijven']","['O','O','O', 'OBJ', 'OBJ', 'ACTOR', '-', 'ACTOR','O', 'V', 'V','O', 'REC', 'REC', 'REC', 'REC', '-', 'REC']",
383,35,Deel1,Hoofdstuk1.1,Artikel1.1,Onderdeel_24,,,,,"een ondernemer die heeft verzocht om een uitnodiging ,  of is uitgenodigd ,  om deel te nemen aan een niet - openbare procedure ,  een procedure van de concurrentiegerichte dialoog ,  een mededingingsprocedure met onderhandeling ,  een procedure van het innovatiepartnerschap ,  een onderhandelingsprocedure met aankondiging ,  een onderhandelingsprocedure zonder aankondiging of een procedure voor de gunning van een concessieopdracht",heeft verzocht,een uitnodiging,een onderneme,,,is uitgenodigd,,een ondernemer,,,,,,"['een', 'ondernemer', 'die', 'heeft', 'verzocht', 'om', 'een', 'uitnodiging', ',', 'of', 'is', 'uitgenodigd', ',', 'om', 'deel', 'te', 'nemen', 'aan', 'een', 'niet', '-', 'openbare', 'procedure', ',', 'een', 'procedure', 'van', 'de', 'concurrentiegerichte', 'dialoog', ',', 'een', 'mededingingsprocedure', 'met', 'onderhandeling', ',', 'een', 'procedure', 'van', 'het', 'innovatiepartnerschap', ',', 'een', 'onderhandelingsprocedure', 'met', 'aankondiging', ',', 'een', 'onderhandelingsprocedure', 'zonder', 'aankondiging', 'of', 'een', 'procedure', 'voor', 'de', 'gunning', 'van', 'een', 'concessieopdracht']","['ACTOR', 'ACTOR', 'V', 'V','O', 'OBJ', 'OBJ','O', ',','O', 'V', 'V', ',','O','O','O','O','O','O','O', '-','O','O', ',','O','O','O','O','O','O', ',','O','O','O','O', ',','O','O','O','O','O', ',','O','O','O','O', ',','O','O','O','O','O','O','O','O','O','O','O','O', ]",
,,,,,,,,,,,,,,,,,,,,,,,,,,
,,,,,,,,,,,,,,,,,,,,,,,,,,
,,,,,,,,,,,,,,,,,,,,,,,,,,
,,,,,,,,,,,,,,,,,,,,,,,,,,
,,,,,,,,,,,,,,,,,,,,,,,,,,
,,,,,,,,,,,,,,,,,,,,,,,,,,
,,,,,,,,,,,,,,,,,,,,,,,,,,
,,,,,,,,,,,,,,,,,,,,,,,,,,
,,,,,,,,,,,,,,,,,,,,,,,,,,
,,,,,,,,,,,,,,,,,,,,,,,,,,
,,,,,,,,,,,,,,,,,,,,,,,,,,
,,,,,,,,,,,,,,,,,,,,,,,,,,
,,,,,,,,,,,,,,,,,,,,,,,,,,
,,,,,,,,,,,,,,,,,,,,,,,,,,
,,,,,,,,,,,,,,,,,,,,,,,,,,
,,,,,,,,,,,,,,,,,,,,,,,,,,
,,,,,,,,,,,,,,,,,,,,,,,,,,
,,,,,,,,,,,,,,,,,,,,,,,,,,
,,,,,,,,,,,,,,,,,,,,,,,,,,
,,,,,,,,,,,,,,,,,,,,,,,,,,
,,,,,,,,,,,,,,,,,,,,,,,,,,
,,,,,,,,,,,,,,,,,,,,,,,,,,
,,,,,,,,,,,,,,,,,,,,,,,,,,
,,,,,,,,,,,,,,,,,,,,,,,,,,
,,,,,,,,,,,,,,,,,,,,,,,,,,
,,,,,,,,,,,,,,,,,,,,,,,,,,
,,,,,,,,,,,,,,,,,,,,,,,,,,
,,,,,,,,,,,,,,,,,,,,,,,,,,
,,,,,,,,,,,,,,,,,,,,,,,,,,
,,,,,,,,,,,,,,,,,,,,,,,,,,
,,,,,,,,,,,,,,,,,,,,,,,,,,
,,,,,,,,,,,,,,,,,,,,,,,,,,
,,,,,,,,,,,,,,,,,,,,,,,,,,
,,,,,,,,,,,,,,,,,,,,,,,,,,
,,,,,,,,,,,,,,,,,,,,,,,,,,
,,,,,,,,,,,,,,,,,,,,,,,,,,
,,,,,,,,,,,,,,,,,,,,,,,,,,
,,,,,,,,,,,,,,,,,,,,,,,,,,
,,,,,,,,,,,,,,,,,,,,,,,,,,
,,,,,,,,,,,,,,,,,,,,,,,,,,
,,,,,,,,,,,,,,,,,,,,,,,,,,
,,,,,,,,,,,,,,,,,,,,,,,,,,
,,,,,,,,,,,,,,,,,,,,,,,,,,
,,,,,,,,,,,,,,,,,,,,,,,,,,
,,,,,,,,,,,,,,,,,,,,,,,,,,
,,,,,,,,,,,,,,,,,,,,,,,,,,
,,,,,,,,,,,,,,,,,,,,,,,,,,
,,,,,,,,,,,,,,,,,,,,,,,,,,
,,,,,,,,,,,,,,,,,,,,,,,,,,
,,,,,,,,,,,,,,,,,,,,,,,,,,
,,,,,,,,,,,,,,,,,,,,,,,,,,
,,,,,,,,,,,,,,,,,,,,,,,,,,
,,,,,,,,,,,,,,,,,,,,,,,,,,
,,,,,,,,,,,,,,,,,,,,,,,,,,
,,,,,,,,,,,,,,,,,,,,,,,,,,
,,,,,,,,,,,,,,,,,,,,,,,,,,
,,,,,,,,,,,,,,,,,,,,,,,,,,
,,,,,,,,,,,,,,,,,,,,,,,,,,
,,,,,,,,,,,,,,,,,,,,,,,,,,
,,,,,,,,,,,,,,,,,,,,,,,,,,
,,,,,,,,,,,,,,,,,,,,,,,,,,
,,,,,,,,,,,,,,,,,,,,,,,,,,
,,,,,,,,,,,,,,,,,,,,,,,,,,
,,,,,,,,,,,,,,,,,,,,,,,,,,
,,,,,,,,,,,,,,,,,,,,,,,,,,
,,,,,,,,,,,,,,,,,,,,,,,,,,
,,,,,,,,,,,,,,,,,,,,,,,,,,
,,,,,,,,,,,,,,,,,,,,,,,,,,
,,,,,,,,,,,,,,,,,,,,,,,,,,
,,,,,,,,,,,,,,,,,,,,,,,,,,
,,,,,,,,,,,,,,,,,,,,,,,,,,
,,,,,,,,,,,,,,,,,,,,,,,,,,
,,,,,,,,,,,,,,,,,,,,,,,,,,
,,,,,,,,,,,,,,,,,,,,,,,,,,
,,,,,,,,,,,,,,,,,,,,,,,,,,
,,,,,,,,,,,,,,,,,,,,,,,,,,
,,,,,,,,,,,,,,,,,,,,,,,,,,
,,,,,,,,,,,,,,,,,,,,,,,,,,
,,,,,,,,,,,,,,,,,,,,,,,,,,
,,,,,,,,,,,,,,,,,,,,,,,,,,
,,,,,,,,,,,,,,,,,,,,,,,,,,
,,,,,,,,,,,,,,,,,,,,,,,,,,
,,,,,,,,,,,,,,,,,,,,,,,,,,
,,,,,,,,,,,,,,,,,,,,,,,,,,
,,,,,,,,,,,,,,,,,,,,,,,,,,
,,,,,,,,,,,,,,,,,,,,,,,,,,
,,,,,,,,,,,,,,,,,,,,,,,,,,
,,,,,,,,,,,,,,,,,,,,,,,,,,
,,,,,,,,,,,,,,,,,,,,,,,,,,
,,,,,,,,,,,,,,,,,,,,,,,,,,
,,,,,,,,,,,,,,,,,,,,,,,,,,
,,,,,,,,,,,,,,,,,,,,,,,,,,
,,,,,,,,,,,,,,,,,,,,,,,,,,
,,,,,,,,,,,,,,,,,,,,,,,,,,
,,,,,,,,,,,,,,,,,,,,,,,,,,
,,,,,,,,,,,,,,,,,,,,,,,,,,
,,,,,,,,,,,,,,,,,,,,,,,,,,
,,,,,,,,,,,,,,,,,,,,,,,,,,
,,,,,,,,,,,,,,,,,,,,,,,,,,
,,,,,,,,,,,,,,,,,,,,,,,,,,
,,,,,,,,,,,,,,,,,,,,,,,,,,
,,,,,,,,,,,,,,,,,,,,,,,,,,
,,,,,,,,,,,,,,,,,,,,,,,,,,
,,,,,,,,,,,,,,,,,,,,,,,,,,
,,,,,,,,,,,,,,,,,,,,,,,,,,
,,,,,,,,,,,,,,,,,,,,,,,,,,
,,,,,,,,,,,,,,,,,,,,,,,,,,
,,,,,,,,,,,,,,,,,,,,,,,,,,
,,,,,,,,,,,,,,,,,,,,,,,,,,
,,,,,,,,,,,,,,,,,,,,,,,,,,
,,,,,,,,,,,,,,,,,,,,,,,,,,
,,,,,,,,,,,,,,,,,,,,,,,,,,
,,,,,,,,,,,,,,,,,,,,,,,,,,
,,,,,,,,,,,,,,,,,,,,,,,,,,
,,,,,,,,,,,,,,,,,,,,,,,,,,
,,,,,,,,,,,,,,,,,,,,,,,,,,
,,,,,,,,,,,,,,,,,,,,,,,,,,
,,,,,,,,,,,,,,,,,,,,,,,,,,
,,,,,,,,,,,,,,,,,,,,,,,,,,
,,,,,,,,,,,,,,,,,,,,,,,,,,
,,,,,,,,,,,,,,,,,,,,,,,,,,
,,,,,,,,,,,,,,,,,,,,,,,,,,
,,,,,,,,,,,,,,,,,,,,,,,,,,
,,,,,,,,,,,,,,,,,,,,,,,,,,
,,,,,,,,,,,,,,,,,,,,,,,,,,
,,,,,,,,,,,,,,,,,,,,,,,,,,
,,,,,,,,,,,,,,,,,,,,,,,,,,
,,,,,,,,,,,,,,,,,,,,,,,,,,
,,,,,,,,,,,,,,,,,,,,,,,,,,
,,,,,,,,,,,,,,,,,,,,,,,,,,
,,,,,,,,,,,,,,,,,,,,,,,,,,
,,,,,,,,,,,,,,,,,,,,,,,,,,
,,,,,,,,,,,,,,,,,,,,,,,,,,
,,,,,,,,,,,,,,,,,,,,,,,,,,
,,,,,,,,,,,,,,,,,,,,,,,,,,
,,,,,,,,,,,,,,,,,,,,,,,,,,
,,,,,,,,,,,,,,,,,,,,,,,,,,
,,,,,,,,,,,,,,,,,,,,,,,,,,
,,,,,,,,,,,,,,,,,,,,,,,,,,
,,,,,,,,,,,,,,,,,,,,,,,,,,
,,,,,,,,,,,,,,,,,,,,,,,,,,
,,,,,,,,,,,,,,,,,,,,,,,,,,
,,,,,,,,,,,,,,,,,,,,,,,,,,
,,,,,,,,,,,,,,,,,,,,,,,,,,
,,,,,,,,,,,,,,,,,,,,,,,,,,
,,,,,,,,,,,,,,,,,,,,,,,,,,
,,,,,,,,,,,,,,,,,,,,,,,,,,
,,,,,,,,,,,,,,,,,,,,,,,,,,
,,,,,,,,,,,,,,,,,,,,,,,,,,
,,,,,,,,,,,,,,,,,,,,,,,,,,
,,,,,,,,,,,,,,,,,,,,,,,,,,
,,,,,,,,,,,,,,,,,,,,,,,,,,
,,,,,,,,,,,,,,,,,,,,,,,,,,
,,,,,,,,,,,,,,,,,,,,,,,,,,
,,,,,,,,,,,,,,,,,,,,,,,,,,
,,,,,,,,,,,,,,,,,,,,,,,,,,
,,,,,,,,,,,,,,,,,,,,,,,,,,
,,,,,,,,,,,,,,,,,,,,,,,,,,
,,,,,,,,,,,,,,,,,,,,,,,,,,
,,,,,,,,,,,,,,,,,,,,,,,,,,
,,,,,,,,,,,,,,,,,,,,,,,,,,
,,,,,,,,,,,,,,,,,,,,,,,,,,
,,,,,,,,,,,,,,,,,,,,,,,,,,
,,,,,,,,,,,,,,,,,,,,,,,,,,
,,,,,,,,,,,,,,,,,,,,,,,,,,
,,,,,,,,,,,,,,,,,,,,,,,,,,
,,,,,,,,,,,,,,,,,,,,,,,,,,
,,,,,,,,,,,,,,,,,,,,,,,,,,
,,,,,,,,,,,,,,,,,,,,,,,,,,
,,,,,,,,,,,,,,,,,,,,,,,,,,
,,,,,,,,,,,,,,,,,,,,,,,,,,
,,,,,,,,,,,,,,,,,,,,,,,,,,
,,,,,,,,,,,,,,,,,,,,,,,,,,
,,,,,,,,,,,,,,,,,,,,,,,,,,
,,,,,,,,,,,,,,,,,,,,,,,,,,
,,,,,,,,,,,,,,,,,,,,,,,,,,
,,,,,,,,,,,,,,,,,,,,,,,,,,
,,,,,,,,,,,,,,,,,,,,,,,,,,
,,,,,,,,,,,,,,,,,,,,,,,,,,
,,,,,,,,,,,,,,,,,,,,,,,,,,
,,,,,,,,,,,,,,,,,,,,,,,,,,
,,,,,,,,,,,,,,,,,,,,,,,,,,
,,,,,,,,,,,,,,,,,,,,,,,,,,
,,,,,,,,,,,,,,,,,,,,,,,,,,
,,,,,,,,,,,,,,,,,,,,,,,,,,
,,,,,,,,,,,,,,,,,,,,,,,,,,
,,,,,,,,,,,,,,,,,,,,,,,,,,
,,,,,,,,,,,,,,,,,,,,,,,,,,
,,,,,,,,,,,,,,,,,,,,,,,,,,
,,,,,,,,,,,,,,,,,,,,,,,,,,
,,,,,,,,,,,,,,,,,,,,,,,,,,
,,,,,,,,,,,,,,,,,,,,,,,,,,
,,,,,,,,,,,,,,,,,,,,,,,,,,
,,,,,,,,,,,,,,,,,,,,,,,,,,
,,,,,,,,,,,,,,,,,,,,,,,,,,
,,,,,,,,,,,,,,,,,,,,,,,,,,
,,,,,,,,,,,,,,,,,,,,,,,,,,
,,,,,,,,,,,,,,,,,,,,,,,,,,
,,,,,,,,,,,,,,,,,,,,,,,,,,
,,,,,,,,,,,,,,,,,,,,,,,,,,
,,,,,,,,,,,,,,,,,,,,,,,,,,
,,,,,,,,,,,,,,,,,,,,,,,,,,
,,,,,,,,,,,,,,,,,,,,,,,,,,
,,,,,,,,,,,,,,,,,,,,,,,,,,
,,,,,,,,,,,,,,,,,,,,,,,,,,
,,,,,,,,,,,,,,,,,,,,,,,,,,
,,,,,,,,,,,,,,,,,,,,,,,,,,
,,,,,,,,,,,,,,,,,,,,,,,,,,
,,,,,,,,,,,,,,,,,,,,,,,,,,
,,,,,,,,,,,,,,,,,,,,,,,,,,
,,,,,,,,,,,,,,,,,,,,,,,,,,
,,,,,,,,,,,,,,,,,,,,,,,,,,
,,,,,,,,,,,,,,,,,,,,,,,,,,
,,,,,,,,,,,,,,,,,,,,,,,,,,
,,,,,,,,,,,,,,,,,,,,,,,,,,
,,,,,,,,,,,,,,,,,,,,,,,,,,
,,,,,,,,,,,,,,,,,,,,,,,,,,
,,,,,,,,,,,,,,,,,,,,,,,,,,
,,,,,,,,,,,,,,,,,,,,,,,,,,
,,,,,,,,,,,,,,,,,,,,,,,,,,
,,,,,,,,,,,,,,,,,,,,,,,,,,
,,,,,,,,,,,,,,,,,,,,,,,,,,
,,,,,,,,,,,,,,,,,,,,,,,,,,
,,,,,,,,,,,,,,,,,,,,,,,,,,
,,,,,,,,,,,,,,,,,,,,,,,,,,
,,,,,,,,,,,,,,,,,,,,,,,,,,
,,,,,,,,,,,,,,,,,,,,,,,,,,
,,,,,,,,,,,,,,,,,,,,,,,,,,
,,,,,,,,,,,,,,,,,,,,,,,,,,
,,,,,,,,,,,,,,,,,,,,,,,,,,
,,,,,,,,,,,,,,,,,,,,,,,,,,
,,,,,,,,,,,,,,,,,,,,,,,,,,
,,,,,,,,,,,,,,,,,,,,,,,,,,
,,,,,,,,,,,,,,,,,,,,,,,,,,
,,,,,,,,,,,,,,,,,,,,,,,,,,
,,,,,,,,,,,,,,,,,,,,,,,,,,
,,,,,,,,,,,,,,,,,,,,,,,,,,
,,,,,,,,,,,,,,,,,,,,,,,,,,
,,,,,,,,,,,,,,,,,,,,,,,,,,
,,,,,,,,,,,,,,,,,,,,,,,,,,
,,,,,,,,,,,,,,,,,,,,,,,,,,
,,,,,,,,,,,,,,,,,,,,,,,,,,
,,,,,,,,,,,,,,,,,,,,,,,,,,
,,,,,,,,,,,,,,,,,,,,,,,,,,
,,,,,,,,,,,,,,,,,,,,,,,,,,
,,,,,,,,,,,,,,,,,,,,,,,,,,
,,,,,,,,,,,,,,,,,,,,,,,,,,
,,,,,,,,,,,,,,,,,,,,,,,,,,
,,,,,,,,,,,,,,,,,,,,,,,,,,
,,,,,,,,,,,,,,,,,,,,,,,,,,
,,,,,,,,,,,,,,,,,,,,,,,,,,
,,,,,,,,,,,,,,,,,,,,,,,,,,
,,,,,,,,,,,,,,,,,,,,,,,,,,
,,,,,,,,,,,,,,,,,,,,,,,,,,
,,,,,,,,,,,,,,,,,,,,,,,,,,
,,,,,,,,,,,,,,,,,,,,,,,,,,
,,,,,,,,,,,,,,,,,,,,,,,,,,
,,,,,,,,,,,,,,,,,,,,,,,,,,
,,,,,,,,,,,,,,,,,,,,,,,,,,
,,,,,,,,,,,,,,,,,,,,,,,,,,
,,,,,,,,,,,,,,,,,,,,,,,,,,
,,,,,,,,,,,,,,,,,,,,,,,,,,
,,,,,,,,,,,,,,,,,,,,,,,,,,
,,,,,,,,,,,,,,,,,,,,,,,,,,
,,,,,,,,,,,,,,,,,,,,,,,,,,
,,,,,,,,,,,,,,,,,,,,,,,,,,
,,,,,,,,,,,,,,,,,,,,,,,,,,
,,,,,,,,,,,,,,,,,,,,,,,,,,
,,,,,,,,,,,,,,,,,,,,,,,,,,
,,,,,,,,,,,,,,,,,,,,,,,,,,
,,,,,,,,,,,,,,,,,,,,,,,,,,
,,,,,,,,,,,,,,,,,,,,,,,,,,
,,,,,,,,,,,,,,,,,,,,,,,,,,
,,,,,,,,,,,,,,,,,,,,,,,,,,
,,,,,,,,,,,,,,,,,,,,,,,,,,
,,,,,,,,,,,,,,,,,,,,,,,,,,
,,,,,,,,,,,,,,,,,,,,,,,,,,
,,,,,,,,,,,,,,,,,,,,,,,,,,
,,,,,,,,,,,,,,,,,,,,,,,,,,
,,,,,,,,,,,,,,,,,,,,,,,,,,
,,,,,,,,,,,,,,,,,,,,,,,,,,
,,,,,,,,,,,,,,,,,,,,,,,,,,
,,,,,,,,,,,,,,,,,,,,,,,,,,
,,,,,,,,,,,,,,,,,,,,,,,,,,
,,,,,,,,,,,,,,,,,,,,,,,,,,
,,,,,,,,,,,,,,,,,,,,,,,,,,
,,,,,,,,,,,,,,,,,,,,,,,,,,
,,,,,,,,,,,,,,,,,,,,,,,,,,
,,,,,,,,,,,,,,,,,,,,,,,,,,
,,,,,,,,,,,,,,,,,,,,,,,,,,
,,,,,,,,,,,,,,,,,,,,,,,,,,
,,,,,,,,,,,,,,,,,,,,,,,,,,
,,,,,,,,,,,,,,,,,,,,,,,,,,
,,,,,,,,,,,,,,,,,,,,,,,,,,
,,,,,,,,,,,,,,,,,,,,,,,,,,
,,,,,,,,,,,,,,,,,,,,,,,,,,
,,,,,,,,,,,,,,,,,,,,,,,,,,
,,,,,,,,,,,,,,,,,,,,,,,,,,
,,,,,,,,,,,,,,,,,,,,,,,,,,
,,,,,,,,,,,,,,,,,,,,,,,,,,
,,,,,,,,,,,,,,,,,,,,,,,,,,
,,,,,,,,,,,,,,,,,,,,,,,,,,
,,,,,,,,,,,,,,,,,,,,,,,,,,
,,,,,,,,,,,,,,,,,,,,,,,,,,
,,,,,,,,,,,,,,,,,,,,,,,,,,
,,,,,,,,,,,,,,,,,,,,,,,,,,
,,,,,,,,,,,,,,,,,,,,,,,,,,
,,,,,,,,,,,,,,,,,,,,,,,,,,
,,,,,,,,,,,,,,,,,,,,,,,,,,
,,,,,,,,,,,,,,,,,,,,,,,,,,
